ISO-10303-21;
HEADER;
/* Generated by software containing ST-Developer
 * from STEP Tools, Inc. (www.steptools.com) 
 */

FILE_DESCRIPTION(
/* description */ (''),
/* implementation_level */ '2;1');

FILE_NAME(
/* name */ 'Bot_Case.step',
/* time_stamp */ '2026-09-03T14:31:54-04:00',
/* author */ (''),
/* organization */ (''),
/* preprocessor_version */ 'ST-DEVELOPER v20.1',
/* originating_system */ 'Autodesk Translation Framework v15.8.0.0',
/* authorisation */ '');

FILE_SCHEMA (('AUTOMOTIVE_DESIGN { 1 0 10303 214 3 1 1 }'));
ENDSEC;

DATA;
#10=MECHANICAL_DESIGN_GEOMETRIC_PRESENTATION_REPRESENTATION('',(#13,#14),
#5443);
#11=SHAPE_REPRESENTATION_RELATIONSHIP('SRR','None',#5450,#12);
#12=ADVANCED_BREP_SHAPE_REPRESENTATION('',(#15,#16),#5442);
#13=STYLED_ITEM('',(#5459),#15);
#14=STYLED_ITEM('',(#5459),#16);
#15=MANIFOLD_SOLID_BREP('Body1',#3288);
#16=MANIFOLD_SOLID_BREP('Body4',#3289);
#17=CONICAL_SURFACE('',#3470,4.,0.785398163397447);
#18=CONICAL_SURFACE('',#3474,4.,0.785398163397447);
#19=CONICAL_SURFACE('',#3478,4.,0.785398163397447);
#20=CONICAL_SURFACE('',#3482,4.,0.785398163397447);
#21=FACE_BOUND('',#445,.T.);
#22=FACE_BOUND('',#448,.T.);
#23=FACE_BOUND('',#451,.T.);
#24=FACE_BOUND('',#454,.T.);
#25=FACE_BOUND('',#457,.T.);
#26=FACE_BOUND('',#462,.T.);
#27=FACE_BOUND('',#465,.T.);
#28=FACE_BOUND('',#468,.T.);
#29=FACE_BOUND('',#471,.T.);
#30=FACE_BOUND('',#474,.T.);
#31=FACE_BOUND('',#485,.T.);
#32=FACE_BOUND('',#486,.T.);
#33=FACE_BOUND('',#487,.T.);
#34=FACE_BOUND('',#488,.T.);
#35=FACE_BOUND('',#489,.T.);
#36=FACE_BOUND('',#490,.T.);
#37=FACE_BOUND('',#491,.T.);
#38=FACE_BOUND('',#492,.T.);
#39=FACE_BOUND('',#493,.T.);
#40=FACE_BOUND('',#494,.T.);
#41=FACE_BOUND('',#495,.T.);
#42=FACE_BOUND('',#496,.T.);
#43=FACE_BOUND('',#497,.T.);
#44=FACE_BOUND('',#522,.T.);
#45=FACE_BOUND('',#523,.T.);
#46=FACE_BOUND('',#524,.T.);
#47=FACE_BOUND('',#525,.T.);
#48=FACE_BOUND('',#526,.T.);
#49=FACE_BOUND('',#527,.T.);
#50=FACE_BOUND('',#528,.T.);
#51=FACE_BOUND('',#529,.T.);
#52=FACE_BOUND('',#530,.T.);
#53=FACE_BOUND('',#531,.T.);
#54=FACE_BOUND('',#532,.T.);
#55=FACE_BOUND('',#533,.T.);
#56=FACE_BOUND('',#534,.T.);
#57=PLANE('',#3306);
#58=PLANE('',#3310);
#59=PLANE('',#3314);
#60=PLANE('',#3318);
#61=PLANE('',#3322);
#62=PLANE('',#3326);
#63=PLANE('',#3330);
#64=PLANE('',#3334);
#65=PLANE('',#3338);
#66=PLANE('',#3342);
#67=PLANE('',#3346);
#68=PLANE('',#3350);
#69=PLANE('',#3354);
#70=PLANE('',#3358);
#71=PLANE('',#3362);
#72=PLANE('',#3366);
#73=PLANE('',#3370);
#74=PLANE('',#3374);
#75=PLANE('',#3378);
#76=PLANE('',#3382);
#77=PLANE('',#3386);
#78=PLANE('',#3390);
#79=PLANE('',#3394);
#80=PLANE('',#3398);
#81=PLANE('',#3402);
#82=PLANE('',#3406);
#83=PLANE('',#3410);
#84=PLANE('',#3414);
#85=PLANE('',#3418);
#86=PLANE('',#3422);
#87=PLANE('',#3426);
#88=PLANE('',#3430);
#89=PLANE('',#3434);
#90=PLANE('',#3438);
#91=PLANE('',#3442);
#92=PLANE('',#3446);
#93=PLANE('',#3447);
#94=PLANE('',#3449);
#95=PLANE('',#3454);
#96=PLANE('',#3455);
#97=PLANE('',#3456);
#98=PLANE('',#3461);
#99=PLANE('',#3462);
#100=PLANE('',#3463);
#101=PLANE('',#3464);
#102=PLANE('',#3468);
#103=PLANE('',#3469);
#104=PLANE('',#3473);
#105=PLANE('',#3477);
#106=PLANE('',#3481);
#107=PLANE('',#3486);
#108=PLANE('',#3488);
#109=PLANE('',#3489);
#110=PLANE('',#3490);
#111=PLANE('',#3492);
#112=PLANE('',#3494);
#113=PLANE('',#3495);
#114=PLANE('',#3496);
#115=PLANE('',#3497);
#116=PLANE('',#3498);
#117=PLANE('',#3499);
#118=PLANE('',#3500);
#119=PLANE('',#3501);
#120=PLANE('',#3502);
#121=PLANE('',#3503);
#122=PLANE('',#3504);
#123=PLANE('',#3505);
#124=PLANE('',#3506);
#125=PLANE('',#3507);
#126=PLANE('',#3508);
#127=PLANE('',#3509);
#128=PLANE('',#3510);
#129=PLANE('',#3511);
#130=PLANE('',#3512);
#131=PLANE('',#3513);
#132=PLANE('',#3514);
#133=PLANE('',#3515);
#134=PLANE('',#3516);
#135=PLANE('',#3517);
#136=PLANE('',#3518);
#137=PLANE('',#3519);
#138=PLANE('',#3520);
#139=PLANE('',#3521);
#140=PLANE('',#3522);
#141=PLANE('',#3523);
#142=PLANE('',#3524);
#143=PLANE('',#3525);
#144=PLANE('',#3526);
#145=PLANE('',#3527);
#146=PLANE('',#3528);
#147=PLANE('',#3529);
#148=PLANE('',#3530);
#149=PLANE('',#3531);
#150=PLANE('',#3532);
#151=PLANE('',#3533);
#152=PLANE('',#3534);
#153=PLANE('',#3535);
#154=PLANE('',#3536);
#155=PLANE('',#3537);
#156=PLANE('',#3538);
#157=PLANE('',#3539);
#158=PLANE('',#3540);
#159=PLANE('',#3541);
#160=PLANE('',#3542);
#161=PLANE('',#3543);
#162=PLANE('',#3544);
#163=PLANE('',#3545);
#164=PLANE('',#3546);
#165=PLANE('',#3547);
#166=PLANE('',#3548);
#167=PLANE('',#3549);
#168=PLANE('',#3550);
#169=PLANE('',#3551);
#170=PLANE('',#3552);
#171=PLANE('',#3553);
#172=PLANE('',#3554);
#173=PLANE('',#3555);
#174=PLANE('',#3556);
#175=PLANE('',#3557);
#176=PLANE('',#3558);
#177=PLANE('',#3559);
#178=PLANE('',#3560);
#179=PLANE('',#3561);
#180=PLANE('',#3562);
#181=PLANE('',#3563);
#182=PLANE('',#3564);
#183=PLANE('',#3565);
#184=PLANE('',#3566);
#185=PLANE('',#3567);
#186=PLANE('',#3568);
#187=PLANE('',#3569);
#188=PLANE('',#3570);
#189=PLANE('',#3571);
#190=PLANE('',#3572);
#191=PLANE('',#3573);
#192=PLANE('',#3574);
#193=PLANE('',#3575);
#194=PLANE('',#3576);
#195=PLANE('',#3577);
#196=PLANE('',#3578);
#197=PLANE('',#3579);
#198=PLANE('',#3580);
#199=PLANE('',#3581);
#200=PLANE('',#3582);
#201=PLANE('',#3583);
#202=PLANE('',#3584);
#203=PLANE('',#3585);
#204=FACE_OUTER_BOUND('',#397,.T.);
#205=FACE_OUTER_BOUND('',#398,.T.);
#206=FACE_OUTER_BOUND('',#399,.T.);
#207=FACE_OUTER_BOUND('',#400,.T.);
#208=FACE_OUTER_BOUND('',#401,.T.);
#209=FACE_OUTER_BOUND('',#402,.T.);
#210=FACE_OUTER_BOUND('',#403,.T.);
#211=FACE_OUTER_BOUND('',#404,.T.);
#212=FACE_OUTER_BOUND('',#405,.T.);
#213=FACE_OUTER_BOUND('',#406,.T.);
#214=FACE_OUTER_BOUND('',#407,.T.);
#215=FACE_OUTER_BOUND('',#408,.T.);
#216=FACE_OUTER_BOUND('',#409,.T.);
#217=FACE_OUTER_BOUND('',#410,.T.);
#218=FACE_OUTER_BOUND('',#411,.T.);
#219=FACE_OUTER_BOUND('',#412,.T.);
#220=FACE_OUTER_BOUND('',#413,.T.);
#221=FACE_OUTER_BOUND('',#414,.T.);
#222=FACE_OUTER_BOUND('',#415,.T.);
#223=FACE_OUTER_BOUND('',#416,.T.);
#224=FACE_OUTER_BOUND('',#417,.T.);
#225=FACE_OUTER_BOUND('',#418,.T.);
#226=FACE_OUTER_BOUND('',#419,.T.);
#227=FACE_OUTER_BOUND('',#420,.T.);
#228=FACE_OUTER_BOUND('',#421,.T.);
#229=FACE_OUTER_BOUND('',#422,.T.);
#230=FACE_OUTER_BOUND('',#423,.T.);
#231=FACE_OUTER_BOUND('',#424,.T.);
#232=FACE_OUTER_BOUND('',#425,.T.);
#233=FACE_OUTER_BOUND('',#426,.T.);
#234=FACE_OUTER_BOUND('',#427,.T.);
#235=FACE_OUTER_BOUND('',#428,.T.);
#236=FACE_OUTER_BOUND('',#429,.T.);
#237=FACE_OUTER_BOUND('',#430,.T.);
#238=FACE_OUTER_BOUND('',#431,.T.);
#239=FACE_OUTER_BOUND('',#432,.T.);
#240=FACE_OUTER_BOUND('',#433,.T.);
#241=FACE_OUTER_BOUND('',#434,.T.);
#242=FACE_OUTER_BOUND('',#435,.T.);
#243=FACE_OUTER_BOUND('',#436,.T.);
#244=FACE_OUTER_BOUND('',#437,.T.);
#245=FACE_OUTER_BOUND('',#438,.T.);
#246=FACE_OUTER_BOUND('',#439,.T.);
#247=FACE_OUTER_BOUND('',#440,.T.);
#248=FACE_OUTER_BOUND('',#441,.T.);
#249=FACE_OUTER_BOUND('',#442,.T.);
#250=FACE_OUTER_BOUND('',#443,.T.);
#251=FACE_OUTER_BOUND('',#444,.T.);
#252=FACE_OUTER_BOUND('',#446,.T.);
#253=FACE_OUTER_BOUND('',#447,.T.);
#254=FACE_OUTER_BOUND('',#449,.T.);
#255=FACE_OUTER_BOUND('',#450,.T.);
#256=FACE_OUTER_BOUND('',#452,.T.);
#257=FACE_OUTER_BOUND('',#453,.T.);
#258=FACE_OUTER_BOUND('',#455,.T.);
#259=FACE_OUTER_BOUND('',#456,.T.);
#260=FACE_OUTER_BOUND('',#458,.T.);
#261=FACE_OUTER_BOUND('',#459,.T.);
#262=FACE_OUTER_BOUND('',#460,.T.);
#263=FACE_OUTER_BOUND('',#461,.T.);
#264=FACE_OUTER_BOUND('',#463,.T.);
#265=FACE_OUTER_BOUND('',#464,.T.);
#266=FACE_OUTER_BOUND('',#466,.T.);
#267=FACE_OUTER_BOUND('',#467,.T.);
#268=FACE_OUTER_BOUND('',#469,.T.);
#269=FACE_OUTER_BOUND('',#470,.T.);
#270=FACE_OUTER_BOUND('',#472,.T.);
#271=FACE_OUTER_BOUND('',#473,.T.);
#272=FACE_OUTER_BOUND('',#475,.T.);
#273=FACE_OUTER_BOUND('',#476,.T.);
#274=FACE_OUTER_BOUND('',#477,.T.);
#275=FACE_OUTER_BOUND('',#478,.T.);
#276=FACE_OUTER_BOUND('',#479,.T.);
#277=FACE_OUTER_BOUND('',#480,.T.);
#278=FACE_OUTER_BOUND('',#481,.T.);
#279=FACE_OUTER_BOUND('',#482,.T.);
#280=FACE_OUTER_BOUND('',#483,.T.);
#281=FACE_OUTER_BOUND('',#484,.T.);
#282=FACE_OUTER_BOUND('',#498,.T.);
#283=FACE_OUTER_BOUND('',#499,.T.);
#284=FACE_OUTER_BOUND('',#500,.T.);
#285=FACE_OUTER_BOUND('',#501,.T.);
#286=FACE_OUTER_BOUND('',#502,.T.);
#287=FACE_OUTER_BOUND('',#503,.T.);
#288=FACE_OUTER_BOUND('',#504,.T.);
#289=FACE_OUTER_BOUND('',#505,.T.);
#290=FACE_OUTER_BOUND('',#506,.T.);
#291=FACE_OUTER_BOUND('',#507,.T.);
#292=FACE_OUTER_BOUND('',#508,.T.);
#293=FACE_OUTER_BOUND('',#509,.T.);
#294=FACE_OUTER_BOUND('',#510,.T.);
#295=FACE_OUTER_BOUND('',#511,.T.);
#296=FACE_OUTER_BOUND('',#512,.T.);
#297=FACE_OUTER_BOUND('',#513,.T.);
#298=FACE_OUTER_BOUND('',#514,.T.);
#299=FACE_OUTER_BOUND('',#515,.T.);
#300=FACE_OUTER_BOUND('',#516,.T.);
#301=FACE_OUTER_BOUND('',#517,.T.);
#302=FACE_OUTER_BOUND('',#518,.T.);
#303=FACE_OUTER_BOUND('',#519,.T.);
#304=FACE_OUTER_BOUND('',#520,.T.);
#305=FACE_OUTER_BOUND('',#521,.T.);
#306=FACE_OUTER_BOUND('',#535,.T.);
#307=FACE_OUTER_BOUND('',#536,.T.);
#308=FACE_OUTER_BOUND('',#537,.T.);
#309=FACE_OUTER_BOUND('',#538,.T.);
#310=FACE_OUTER_BOUND('',#539,.T.);
#311=FACE_OUTER_BOUND('',#540,.T.);
#312=FACE_OUTER_BOUND('',#541,.T.);
#313=FACE_OUTER_BOUND('',#542,.T.);
#314=FACE_OUTER_BOUND('',#543,.T.);
#315=FACE_OUTER_BOUND('',#544,.T.);
#316=FACE_OUTER_BOUND('',#545,.T.);
#317=FACE_OUTER_BOUND('',#546,.T.);
#318=FACE_OUTER_BOUND('',#547,.T.);
#319=FACE_OUTER_BOUND('',#548,.T.);
#320=FACE_OUTER_BOUND('',#549,.T.);
#321=FACE_OUTER_BOUND('',#550,.T.);
#322=FACE_OUTER_BOUND('',#551,.T.);
#323=FACE_OUTER_BOUND('',#552,.T.);
#324=FACE_OUTER_BOUND('',#553,.T.);
#325=FACE_OUTER_BOUND('',#554,.T.);
#326=FACE_OUTER_BOUND('',#555,.T.);
#327=FACE_OUTER_BOUND('',#556,.T.);
#328=FACE_OUTER_BOUND('',#557,.T.);
#329=FACE_OUTER_BOUND('',#558,.T.);
#330=FACE_OUTER_BOUND('',#559,.T.);
#331=FACE_OUTER_BOUND('',#560,.T.);
#332=FACE_OUTER_BOUND('',#561,.T.);
#333=FACE_OUTER_BOUND('',#562,.T.);
#334=FACE_OUTER_BOUND('',#563,.T.);
#335=FACE_OUTER_BOUND('',#564,.T.);
#336=FACE_OUTER_BOUND('',#565,.T.);
#337=FACE_OUTER_BOUND('',#566,.T.);
#338=FACE_OUTER_BOUND('',#567,.T.);
#339=FACE_OUTER_BOUND('',#568,.T.);
#340=FACE_OUTER_BOUND('',#569,.T.);
#341=FACE_OUTER_BOUND('',#570,.T.);
#342=FACE_OUTER_BOUND('',#571,.T.);
#343=FACE_OUTER_BOUND('',#572,.T.);
#344=FACE_OUTER_BOUND('',#573,.T.);
#345=FACE_OUTER_BOUND('',#574,.T.);
#346=FACE_OUTER_BOUND('',#575,.T.);
#347=FACE_OUTER_BOUND('',#576,.T.);
#348=FACE_OUTER_BOUND('',#577,.T.);
#349=FACE_OUTER_BOUND('',#578,.T.);
#350=FACE_OUTER_BOUND('',#579,.T.);
#351=FACE_OUTER_BOUND('',#580,.T.);
#352=FACE_OUTER_BOUND('',#581,.T.);
#353=FACE_OUTER_BOUND('',#582,.T.);
#354=FACE_OUTER_BOUND('',#583,.T.);
#355=FACE_OUTER_BOUND('',#584,.T.);
#356=FACE_OUTER_BOUND('',#585,.T.);
#357=FACE_OUTER_BOUND('',#586,.T.);
#358=FACE_OUTER_BOUND('',#587,.T.);
#359=FACE_OUTER_BOUND('',#588,.T.);
#360=FACE_OUTER_BOUND('',#589,.T.);
#361=FACE_OUTER_BOUND('',#590,.T.);
#362=FACE_OUTER_BOUND('',#591,.T.);
#363=FACE_OUTER_BOUND('',#592,.T.);
#364=FACE_OUTER_BOUND('',#593,.T.);
#365=FACE_OUTER_BOUND('',#594,.T.);
#366=FACE_OUTER_BOUND('',#595,.T.);
#367=FACE_OUTER_BOUND('',#596,.T.);
#368=FACE_OUTER_BOUND('',#597,.T.);
#369=FACE_OUTER_BOUND('',#598,.T.);
#370=FACE_OUTER_BOUND('',#599,.T.);
#371=FACE_OUTER_BOUND('',#600,.T.);
#372=FACE_OUTER_BOUND('',#601,.T.);
#373=FACE_OUTER_BOUND('',#602,.T.);
#374=FACE_OUTER_BOUND('',#603,.T.);
#375=FACE_OUTER_BOUND('',#604,.T.);
#376=FACE_OUTER_BOUND('',#605,.T.);
#377=FACE_OUTER_BOUND('',#606,.T.);
#378=FACE_OUTER_BOUND('',#607,.T.);
#379=FACE_OUTER_BOUND('',#608,.T.);
#380=FACE_OUTER_BOUND('',#609,.T.);
#381=FACE_OUTER_BOUND('',#610,.T.);
#382=FACE_OUTER_BOUND('',#611,.T.);
#383=FACE_OUTER_BOUND('',#612,.T.);
#384=FACE_OUTER_BOUND('',#613,.T.);
#385=FACE_OUTER_BOUND('',#614,.T.);
#386=FACE_OUTER_BOUND('',#615,.T.);
#387=FACE_OUTER_BOUND('',#616,.T.);
#388=FACE_OUTER_BOUND('',#617,.T.);
#389=FACE_OUTER_BOUND('',#618,.T.);
#390=FACE_OUTER_BOUND('',#619,.T.);
#391=FACE_OUTER_BOUND('',#620,.T.);
#392=FACE_OUTER_BOUND('',#621,.T.);
#393=FACE_OUTER_BOUND('',#622,.T.);
#394=FACE_OUTER_BOUND('',#623,.T.);
#395=FACE_OUTER_BOUND('',#624,.T.);
#396=FACE_OUTER_BOUND('',#625,.T.);
#397=EDGE_LOOP('',(#2163,#2164,#2165,#2166));
#398=EDGE_LOOP('',(#2167));
#399=EDGE_LOOP('',(#2168,#2169,#2170,#2171));
#400=EDGE_LOOP('',(#2172));
#401=EDGE_LOOP('',(#2173,#2174,#2175,#2176));
#402=EDGE_LOOP('',(#2177));
#403=EDGE_LOOP('',(#2178,#2179,#2180,#2181));
#404=EDGE_LOOP('',(#2182));
#405=EDGE_LOOP('',(#2183,#2184,#2185,#2186));
#406=EDGE_LOOP('',(#2187));
#407=EDGE_LOOP('',(#2188,#2189,#2190,#2191));
#408=EDGE_LOOP('',(#2192));
#409=EDGE_LOOP('',(#2193,#2194,#2195,#2196));
#410=EDGE_LOOP('',(#2197));
#411=EDGE_LOOP('',(#2198,#2199,#2200,#2201));
#412=EDGE_LOOP('',(#2202));
#413=EDGE_LOOP('',(#2203,#2204,#2205,#2206));
#414=EDGE_LOOP('',(#2207));
#415=EDGE_LOOP('',(#2208,#2209,#2210,#2211));
#416=EDGE_LOOP('',(#2212));
#417=EDGE_LOOP('',(#2213,#2214,#2215,#2216));
#418=EDGE_LOOP('',(#2217));
#419=EDGE_LOOP('',(#2218,#2219,#2220,#2221));
#420=EDGE_LOOP('',(#2222));
#421=EDGE_LOOP('',(#2223,#2224,#2225,#2226));
#422=EDGE_LOOP('',(#2227));
#423=EDGE_LOOP('',(#2228,#2229,#2230,#2231));
#424=EDGE_LOOP('',(#2232));
#425=EDGE_LOOP('',(#2233,#2234,#2235,#2236));
#426=EDGE_LOOP('',(#2237));
#427=EDGE_LOOP('',(#2238,#2239,#2240,#2241));
#428=EDGE_LOOP('',(#2242));
#429=EDGE_LOOP('',(#2243,#2244,#2245,#2246));
#430=EDGE_LOOP('',(#2247));
#431=EDGE_LOOP('',(#2248,#2249,#2250,#2251));
#432=EDGE_LOOP('',(#2252));
#433=EDGE_LOOP('',(#2253,#2254,#2255,#2256));
#434=EDGE_LOOP('',(#2257));
#435=EDGE_LOOP('',(#2258,#2259,#2260,#2261));
#436=EDGE_LOOP('',(#2262));
#437=EDGE_LOOP('',(#2263,#2264,#2265,#2266));
#438=EDGE_LOOP('',(#2267));
#439=EDGE_LOOP('',(#2268,#2269,#2270,#2271));
#440=EDGE_LOOP('',(#2272));
#441=EDGE_LOOP('',(#2273,#2274,#2275,#2276));
#442=EDGE_LOOP('',(#2277));
#443=EDGE_LOOP('',(#2278,#2279,#2280,#2281));
#444=EDGE_LOOP('',(#2282));
#445=EDGE_LOOP('',(#2283));
#446=EDGE_LOOP('',(#2284,#2285,#2286,#2287));
#447=EDGE_LOOP('',(#2288));
#448=EDGE_LOOP('',(#2289));
#449=EDGE_LOOP('',(#2290,#2291,#2292,#2293));
#450=EDGE_LOOP('',(#2294));
#451=EDGE_LOOP('',(#2295));
#452=EDGE_LOOP('',(#2296,#2297,#2298,#2299));
#453=EDGE_LOOP('',(#2300));
#454=EDGE_LOOP('',(#2301));
#455=EDGE_LOOP('',(#2302,#2303,#2304,#2305));
#456=EDGE_LOOP('',(#2306));
#457=EDGE_LOOP('',(#2307));
#458=EDGE_LOOP('',(#2308,#2309,#2310,#2311));
#459=EDGE_LOOP('',(#2312));
#460=EDGE_LOOP('',(#2313,#2314,#2315,#2316));
#461=EDGE_LOOP('',(#2317));
#462=EDGE_LOOP('',(#2318));
#463=EDGE_LOOP('',(#2319,#2320,#2321,#2322));
#464=EDGE_LOOP('',(#2323));
#465=EDGE_LOOP('',(#2324));
#466=EDGE_LOOP('',(#2325,#2326,#2327,#2328));
#467=EDGE_LOOP('',(#2329));
#468=EDGE_LOOP('',(#2330));
#469=EDGE_LOOP('',(#2331,#2332,#2333,#2334));
#470=EDGE_LOOP('',(#2335));
#471=EDGE_LOOP('',(#2336));
#472=EDGE_LOOP('',(#2337,#2338,#2339,#2340));
#473=EDGE_LOOP('',(#2341));
#474=EDGE_LOOP('',(#2342));
#475=EDGE_LOOP('',(#2343,#2344,#2345,#2346));
#476=EDGE_LOOP('',(#2347));
#477=EDGE_LOOP('',(#2348,#2349,#2350,#2351));
#478=EDGE_LOOP('',(#2352));
#479=EDGE_LOOP('',(#2353,#2354,#2355,#2356,#2357));
#480=EDGE_LOOP('',(#2358,#2359,#2360,#2361,#2362));
#481=EDGE_LOOP('',(#2363,#2364,#2365,#2366,#2367));
#482=EDGE_LOOP('',(#2368,#2369,#2370,#2371));
#483=EDGE_LOOP('',(#2372,#2373,#2374,#2375));
#484=EDGE_LOOP('',(#2376,#2377,#2378,#2379,#2380,#2381,#2382,#2383,#2384,
#2385,#2386,#2387,#2388,#2389,#2390,#2391));
#485=EDGE_LOOP('',(#2392));
#486=EDGE_LOOP('',(#2393));
#487=EDGE_LOOP('',(#2394));
#488=EDGE_LOOP('',(#2395));
#489=EDGE_LOOP('',(#2396));
#490=EDGE_LOOP('',(#2397));
#491=EDGE_LOOP('',(#2398));
#492=EDGE_LOOP('',(#2399));
#493=EDGE_LOOP('',(#2400));
#494=EDGE_LOOP('',(#2401));
#495=EDGE_LOOP('',(#2402));
#496=EDGE_LOOP('',(#2403));
#497=EDGE_LOOP('',(#2404));
#498=EDGE_LOOP('',(#2405,#2406,#2407,#2408));
#499=EDGE_LOOP('',(#2409,#2410,#2411,#2412));
#500=EDGE_LOOP('',(#2413,#2414,#2415,#2416));
#501=EDGE_LOOP('',(#2417,#2418,#2419,#2420));
#502=EDGE_LOOP('',(#2421,#2422,#2423,#2424,#2425));
#503=EDGE_LOOP('',(#2426,#2427,#2428,#2429));
#504=EDGE_LOOP('',(#2430,#2431,#2432,#2433));
#505=EDGE_LOOP('',(#2434,#2435,#2436,#2437));
#506=EDGE_LOOP('',(#2438,#2439,#2440,#2441));
#507=EDGE_LOOP('',(#2442,#2443,#2444,#2445));
#508=EDGE_LOOP('',(#2446,#2447,#2448,#2449));
#509=EDGE_LOOP('',(#2450,#2451,#2452,#2453));
#510=EDGE_LOOP('',(#2454,#2455,#2456,#2457));
#511=EDGE_LOOP('',(#2458,#2459,#2460,#2461));
#512=EDGE_LOOP('',(#2462,#2463,#2464,#2465));
#513=EDGE_LOOP('',(#2466,#2467,#2468,#2469));
#514=EDGE_LOOP('',(#2470,#2471,#2472,#2473));
#515=EDGE_LOOP('',(#2474,#2475,#2476,#2477));
#516=EDGE_LOOP('',(#2478,#2479,#2480,#2481,#2482,#2483,#2484,#2485));
#517=EDGE_LOOP('',(#2486,#2487,#2488,#2489));
#518=EDGE_LOOP('',(#2490,#2491,#2492,#2493));
#519=EDGE_LOOP('',(#2494,#2495,#2496,#2497,#2498,#2499,#2500,#2501,#2502,
#2503));
#520=EDGE_LOOP('',(#2504,#2505,#2506,#2507));
#521=EDGE_LOOP('',(#2508,#2509,#2510,#2511,#2512,#2513));
#522=EDGE_LOOP('',(#2514));
#523=EDGE_LOOP('',(#2515));
#524=EDGE_LOOP('',(#2516));
#525=EDGE_LOOP('',(#2517));
#526=EDGE_LOOP('',(#2518));
#527=EDGE_LOOP('',(#2519));
#528=EDGE_LOOP('',(#2520));
#529=EDGE_LOOP('',(#2521));
#530=EDGE_LOOP('',(#2522));
#531=EDGE_LOOP('',(#2523));
#532=EDGE_LOOP('',(#2524));
#533=EDGE_LOOP('',(#2525));
#534=EDGE_LOOP('',(#2526));
#535=EDGE_LOOP('',(#2527,#2528,#2529));
#536=EDGE_LOOP('',(#2530,#2531,#2532,#2533));
#537=EDGE_LOOP('',(#2534,#2535,#2536,#2537));
#538=EDGE_LOOP('',(#2538,#2539,#2540,#2541,#2542,#2543,#2544,#2545,#2546,
#2547,#2548,#2549,#2550,#2551,#2552,#2553,#2554,#2555,#2556,#2557,#2558,
#2559,#2560,#2561,#2562,#2563,#2564,#2565,#2566,#2567,#2568,#2569,#2570,
#2571,#2572,#2573,#2574,#2575,#2576,#2577,#2578,#2579,#2580,#2581,#2582,
#2583,#2584,#2585,#2586,#2587,#2588,#2589,#2590,#2591,#2592,#2593,#2594,
#2595,#2596,#2597,#2598,#2599,#2600,#2601,#2602,#2603,#2604,#2605,#2606,
#2607,#2608,#2609,#2610,#2611,#2612,#2613,#2614,#2615,#2616,#2617,#2618,
#2619,#2620));
#539=EDGE_LOOP('',(#2621,#2622,#2623));
#540=EDGE_LOOP('',(#2624,#2625,#2626,#2627));
#541=EDGE_LOOP('',(#2628,#2629,#2630,#2631));
#542=EDGE_LOOP('',(#2632,#2633,#2634,#2635));
#543=EDGE_LOOP('',(#2636,#2637,#2638,#2639));
#544=EDGE_LOOP('',(#2640,#2641,#2642,#2643));
#545=EDGE_LOOP('',(#2644,#2645,#2646,#2647));
#546=EDGE_LOOP('',(#2648,#2649,#2650,#2651));
#547=EDGE_LOOP('',(#2652,#2653,#2654,#2655));
#548=EDGE_LOOP('',(#2656,#2657,#2658,#2659));
#549=EDGE_LOOP('',(#2660,#2661,#2662,#2663));
#550=EDGE_LOOP('',(#2664,#2665,#2666,#2667));
#551=EDGE_LOOP('',(#2668,#2669,#2670,#2671));
#552=EDGE_LOOP('',(#2672,#2673,#2674,#2675));
#553=EDGE_LOOP('',(#2676,#2677,#2678,#2679));
#554=EDGE_LOOP('',(#2680,#2681,#2682,#2683));
#555=EDGE_LOOP('',(#2684,#2685,#2686,#2687));
#556=EDGE_LOOP('',(#2688,#2689,#2690,#2691));
#557=EDGE_LOOP('',(#2692,#2693,#2694,#2695));
#558=EDGE_LOOP('',(#2696,#2697,#2698,#2699));
#559=EDGE_LOOP('',(#2700,#2701,#2702,#2703));
#560=EDGE_LOOP('',(#2704,#2705,#2706,#2707));
#561=EDGE_LOOP('',(#2708,#2709,#2710,#2711));
#562=EDGE_LOOP('',(#2712,#2713,#2714,#2715));
#563=EDGE_LOOP('',(#2716,#2717,#2718,#2719));
#564=EDGE_LOOP('',(#2720,#2721,#2722,#2723));
#565=EDGE_LOOP('',(#2724,#2725,#2726,#2727));
#566=EDGE_LOOP('',(#2728,#2729,#2730,#2731));
#567=EDGE_LOOP('',(#2732,#2733,#2734,#2735));
#568=EDGE_LOOP('',(#2736,#2737,#2738,#2739));
#569=EDGE_LOOP('',(#2740,#2741,#2742,#2743));
#570=EDGE_LOOP('',(#2744,#2745,#2746,#2747));
#571=EDGE_LOOP('',(#2748,#2749,#2750,#2751));
#572=EDGE_LOOP('',(#2752,#2753,#2754,#2755));
#573=EDGE_LOOP('',(#2756,#2757,#2758,#2759));
#574=EDGE_LOOP('',(#2760,#2761,#2762,#2763));
#575=EDGE_LOOP('',(#2764,#2765,#2766,#2767));
#576=EDGE_LOOP('',(#2768,#2769,#2770,#2771));
#577=EDGE_LOOP('',(#2772,#2773,#2774,#2775));
#578=EDGE_LOOP('',(#2776,#2777,#2778,#2779));
#579=EDGE_LOOP('',(#2780,#2781,#2782,#2783));
#580=EDGE_LOOP('',(#2784,#2785,#2786,#2787));
#581=EDGE_LOOP('',(#2788,#2789,#2790,#2791));
#582=EDGE_LOOP('',(#2792,#2793,#2794,#2795));
#583=EDGE_LOOP('',(#2796,#2797,#2798,#2799));
#584=EDGE_LOOP('',(#2800,#2801,#2802,#2803));
#585=EDGE_LOOP('',(#2804,#2805,#2806,#2807));
#586=EDGE_LOOP('',(#2808,#2809,#2810,#2811));
#587=EDGE_LOOP('',(#2812,#2813,#2814,#2815));
#588=EDGE_LOOP('',(#2816,#2817,#2818,#2819));
#589=EDGE_LOOP('',(#2820,#2821,#2822,#2823));
#590=EDGE_LOOP('',(#2824,#2825,#2826,#2827));
#591=EDGE_LOOP('',(#2828,#2829,#2830,#2831));
#592=EDGE_LOOP('',(#2832,#2833,#2834,#2835));
#593=EDGE_LOOP('',(#2836,#2837,#2838,#2839));
#594=EDGE_LOOP('',(#2840,#2841,#2842,#2843));
#595=EDGE_LOOP('',(#2844,#2845,#2846,#2847));
#596=EDGE_LOOP('',(#2848,#2849,#2850,#2851));
#597=EDGE_LOOP('',(#2852,#2853,#2854,#2855));
#598=EDGE_LOOP('',(#2856,#2857,#2858,#2859));
#599=EDGE_LOOP('',(#2860,#2861,#2862,#2863));
#600=EDGE_LOOP('',(#2864,#2865,#2866,#2867));
#601=EDGE_LOOP('',(#2868,#2869,#2870,#2871));
#602=EDGE_LOOP('',(#2872,#2873,#2874,#2875));
#603=EDGE_LOOP('',(#2876,#2877,#2878,#2879));
#604=EDGE_LOOP('',(#2880,#2881,#2882,#2883));
#605=EDGE_LOOP('',(#2884,#2885,#2886,#2887));
#606=EDGE_LOOP('',(#2888,#2889,#2890,#2891));
#607=EDGE_LOOP('',(#2892,#2893,#2894,#2895));
#608=EDGE_LOOP('',(#2896,#2897,#2898,#2899));
#609=EDGE_LOOP('',(#2900,#2901,#2902,#2903));
#610=EDGE_LOOP('',(#2904,#2905,#2906,#2907));
#611=EDGE_LOOP('',(#2908,#2909,#2910,#2911));
#612=EDGE_LOOP('',(#2912,#2913,#2914,#2915));
#613=EDGE_LOOP('',(#2916,#2917,#2918,#2919));
#614=EDGE_LOOP('',(#2920,#2921,#2922,#2923));
#615=EDGE_LOOP('',(#2924,#2925,#2926,#2927));
#616=EDGE_LOOP('',(#2928,#2929,#2930,#2931));
#617=EDGE_LOOP('',(#2932,#2933,#2934,#2935));
#618=EDGE_LOOP('',(#2936,#2937,#2938,#2939));
#619=EDGE_LOOP('',(#2940,#2941,#2942,#2943));
#620=EDGE_LOOP('',(#2944,#2945,#2946,#2947));
#621=EDGE_LOOP('',(#2948,#2949,#2950,#2951));
#622=EDGE_LOOP('',(#2952,#2953,#2954,#2955,#2956,#2957));
#623=EDGE_LOOP('',(#2958,#2959,#2960,#2961));
#624=EDGE_LOOP('',(#2962,#2963,#2964,#2965,#2966,#2967,#2968,#2969));
#625=EDGE_LOOP('',(#2970,#2971,#2972,#2973,#2974,#2975,#2976,#2977,#2978,
#2979,#2980,#2981,#2982,#2983,#2984,#2985,#2986,#2987,#2988,#2989,#2990,
#2991,#2992,#2993,#2994,#2995,#2996,#2997,#2998,#2999,#3000,#3001,#3002,
#3003,#3004,#3005,#3006,#3007,#3008,#3009,#3010,#3011,#3012,#3013,#3014,
#3015,#3016,#3017,#3018,#3019,#3020,#3021,#3022,#3023,#3024,#3025,#3026,
#3027,#3028,#3029,#3030,#3031,#3032,#3033,#3034,#3035,#3036,#3037,#3038,
#3039,#3040,#3041,#3042,#3043,#3044,#3045,#3046,#3047,#3048,#3049,#3050,
#3051,#3052));
#626=LINE('',#4514,#981);
#627=LINE('',#4521,#982);
#628=LINE('',#4528,#983);
#629=LINE('',#4535,#984);
#630=LINE('',#4542,#985);
#631=LINE('',#4549,#986);
#632=LINE('',#4556,#987);
#633=LINE('',#4563,#988);
#634=LINE('',#4570,#989);
#635=LINE('',#4577,#990);
#636=LINE('',#4584,#991);
#637=LINE('',#4591,#992);
#638=LINE('',#4598,#993);
#639=LINE('',#4605,#994);
#640=LINE('',#4612,#995);
#641=LINE('',#4619,#996);
#642=LINE('',#4626,#997);
#643=LINE('',#4633,#998);
#644=LINE('',#4640,#999);
#645=LINE('',#4647,#1000);
#646=LINE('',#4654,#1001);
#647=LINE('',#4661,#1002);
#648=LINE('',#4668,#1003);
#649=LINE('',#4675,#1004);
#650=LINE('',#4682,#1005);
#651=LINE('',#4689,#1006);
#652=LINE('',#4696,#1007);
#653=LINE('',#4703,#1008);
#654=LINE('',#4710,#1009);
#655=LINE('',#4717,#1010);
#656=LINE('',#4724,#1011);
#657=LINE('',#4731,#1012);
#658=LINE('',#4738,#1013);
#659=LINE('',#4745,#1014);
#660=LINE('',#4752,#1015);
#661=LINE('',#4759,#1016);
#662=LINE('',#4765,#1017);
#663=LINE('',#4767,#1018);
#664=LINE('',#4769,#1019);
#665=LINE('',#4771,#1020);
#666=LINE('',#4776,#1021);
#667=LINE('',#4780,#1022);
#668=LINE('',#4782,#1023);
#669=LINE('',#4783,#1024);
#670=LINE('',#4786,#1025);
#671=LINE('',#4790,#1026);
#672=LINE('',#4794,#1027);
#673=LINE('',#4795,#1028);
#674=LINE('',#4798,#1029);
#675=LINE('',#4800,#1030);
#676=LINE('',#4801,#1031);
#677=LINE('',#4804,#1032);
#678=LINE('',#4806,#1033);
#679=LINE('',#4807,#1034);
#680=LINE('',#4809,#1035);
#681=LINE('',#4813,#1036);
#682=LINE('',#4817,#1037);
#683=LINE('',#4821,#1038);
#684=LINE('',#4824,#1039);
#685=LINE('',#4827,#1040);
#686=LINE('',#4828,#1041);
#687=LINE('',#4831,#1042);
#688=LINE('',#4832,#1043);
#689=LINE('',#4834,#1044);
#690=LINE('',#4837,#1045);
#691=LINE('',#4839,#1046);
#692=LINE('',#4840,#1047);
#693=LINE('',#4845,#1048);
#694=LINE('',#4849,#1049);
#695=LINE('',#4851,#1050);
#696=LINE('',#4853,#1051);
#697=LINE('',#4854,#1052);
#698=LINE('',#4859,#1053);
#699=LINE('',#4864,#1054);
#700=LINE('',#4865,#1055);
#701=LINE('',#4866,#1056);
#702=LINE('',#4871,#1057);
#703=LINE('',#4876,#1058);
#704=LINE('',#4877,#1059);
#705=LINE('',#4878,#1060);
#706=LINE('',#4883,#1061);
#707=LINE('',#4888,#1062);
#708=LINE('',#4889,#1063);
#709=LINE('',#4890,#1064);
#710=LINE('',#4895,#1065);
#711=LINE('',#4896,#1066);
#712=LINE('',#4898,#1067);
#713=LINE('',#4900,#1068);
#714=LINE('',#4902,#1069);
#715=LINE('',#4905,#1070);
#716=LINE('',#4907,#1071);
#717=LINE('',#4909,#1072);
#718=LINE('',#4915,#1073);
#719=LINE('',#4917,#1074);
#720=LINE('',#4918,#1075);
#721=LINE('',#4921,#1076);
#722=LINE('',#4923,#1077);
#723=LINE('',#4924,#1078);
#724=LINE('',#4927,#1079);
#725=LINE('',#4928,#1080);
#726=LINE('',#4931,#1081);
#727=LINE('',#4933,#1082);
#728=LINE('',#4935,#1083);
#729=LINE('',#4937,#1084);
#730=LINE('',#4939,#1085);
#731=LINE('',#4941,#1086);
#732=LINE('',#4943,#1087);
#733=LINE('',#4945,#1088);
#734=LINE('',#4947,#1089);
#735=LINE('',#4949,#1090);
#736=LINE('',#4951,#1091);
#737=LINE('',#4953,#1092);
#738=LINE('',#4955,#1093);
#739=LINE('',#4957,#1094);
#740=LINE('',#4959,#1095);
#741=LINE('',#4961,#1096);
#742=LINE('',#4963,#1097);
#743=LINE('',#4965,#1098);
#744=LINE('',#4967,#1099);
#745=LINE('',#4969,#1100);
#746=LINE('',#4971,#1101);
#747=LINE('',#4973,#1102);
#748=LINE('',#4975,#1103);
#749=LINE('',#4977,#1104);
#750=LINE('',#4979,#1105);
#751=LINE('',#4981,#1106);
#752=LINE('',#4983,#1107);
#753=LINE('',#4985,#1108);
#754=LINE('',#4987,#1109);
#755=LINE('',#4989,#1110);
#756=LINE('',#4991,#1111);
#757=LINE('',#4993,#1112);
#758=LINE('',#4995,#1113);
#759=LINE('',#4997,#1114);
#760=LINE('',#4999,#1115);
#761=LINE('',#5001,#1116);
#762=LINE('',#5003,#1117);
#763=LINE('',#5005,#1118);
#764=LINE('',#5007,#1119);
#765=LINE('',#5009,#1120);
#766=LINE('',#5011,#1121);
#767=LINE('',#5013,#1122);
#768=LINE('',#5015,#1123);
#769=LINE('',#5017,#1124);
#770=LINE('',#5019,#1125);
#771=LINE('',#5021,#1126);
#772=LINE('',#5023,#1127);
#773=LINE('',#5025,#1128);
#774=LINE('',#5027,#1129);
#775=LINE('',#5029,#1130);
#776=LINE('',#5031,#1131);
#777=LINE('',#5033,#1132);
#778=LINE('',#5035,#1133);
#779=LINE('',#5037,#1134);
#780=LINE('',#5039,#1135);
#781=LINE('',#5041,#1136);
#782=LINE('',#5043,#1137);
#783=LINE('',#5045,#1138);
#784=LINE('',#5047,#1139);
#785=LINE('',#5049,#1140);
#786=LINE('',#5051,#1141);
#787=LINE('',#5053,#1142);
#788=LINE('',#5055,#1143);
#789=LINE('',#5057,#1144);
#790=LINE('',#5059,#1145);
#791=LINE('',#5061,#1146);
#792=LINE('',#5063,#1147);
#793=LINE('',#5065,#1148);
#794=LINE('',#5067,#1149);
#795=LINE('',#5069,#1150);
#796=LINE('',#5071,#1151);
#797=LINE('',#5073,#1152);
#798=LINE('',#5075,#1153);
#799=LINE('',#5077,#1154);
#800=LINE('',#5079,#1155);
#801=LINE('',#5081,#1156);
#802=LINE('',#5083,#1157);
#803=LINE('',#5085,#1158);
#804=LINE('',#5087,#1159);
#805=LINE('',#5089,#1160);
#806=LINE('',#5091,#1161);
#807=LINE('',#5092,#1162);
#808=LINE('',#5096,#1163);
#809=LINE('',#5098,#1164);
#810=LINE('',#5099,#1165);
#811=LINE('',#5102,#1166);
#812=LINE('',#5104,#1167);
#813=LINE('',#5105,#1168);
#814=LINE('',#5108,#1169);
#815=LINE('',#5109,#1170);
#816=LINE('',#5113,#1171);
#817=LINE('',#5114,#1172);
#818=LINE('',#5115,#1173);
#819=LINE('',#5118,#1174);
#820=LINE('',#5119,#1175);
#821=LINE('',#5122,#1176);
#822=LINE('',#5123,#1177);
#823=LINE('',#5127,#1178);
#824=LINE('',#5128,#1179);
#825=LINE('',#5129,#1180);
#826=LINE('',#5132,#1181);
#827=LINE('',#5133,#1182);
#828=LINE('',#5136,#1183);
#829=LINE('',#5137,#1184);
#830=LINE('',#5141,#1185);
#831=LINE('',#5142,#1186);
#832=LINE('',#5143,#1187);
#833=LINE('',#5146,#1188);
#834=LINE('',#5147,#1189);
#835=LINE('',#5150,#1190);
#836=LINE('',#5151,#1191);
#837=LINE('',#5155,#1192);
#838=LINE('',#5156,#1193);
#839=LINE('',#5157,#1194);
#840=LINE('',#5160,#1195);
#841=LINE('',#5161,#1196);
#842=LINE('',#5164,#1197);
#843=LINE('',#5165,#1198);
#844=LINE('',#5169,#1199);
#845=LINE('',#5170,#1200);
#846=LINE('',#5171,#1201);
#847=LINE('',#5174,#1202);
#848=LINE('',#5175,#1203);
#849=LINE('',#5178,#1204);
#850=LINE('',#5179,#1205);
#851=LINE('',#5183,#1206);
#852=LINE('',#5184,#1207);
#853=LINE('',#5185,#1208);
#854=LINE('',#5188,#1209);
#855=LINE('',#5189,#1210);
#856=LINE('',#5192,#1211);
#857=LINE('',#5193,#1212);
#858=LINE('',#5197,#1213);
#859=LINE('',#5198,#1214);
#860=LINE('',#5199,#1215);
#861=LINE('',#5202,#1216);
#862=LINE('',#5203,#1217);
#863=LINE('',#5206,#1218);
#864=LINE('',#5207,#1219);
#865=LINE('',#5211,#1220);
#866=LINE('',#5212,#1221);
#867=LINE('',#5213,#1222);
#868=LINE('',#5216,#1223);
#869=LINE('',#5217,#1224);
#870=LINE('',#5220,#1225);
#871=LINE('',#5221,#1226);
#872=LINE('',#5225,#1227);
#873=LINE('',#5226,#1228);
#874=LINE('',#5227,#1229);
#875=LINE('',#5230,#1230);
#876=LINE('',#5231,#1231);
#877=LINE('',#5234,#1232);
#878=LINE('',#5235,#1233);
#879=LINE('',#5239,#1234);
#880=LINE('',#5240,#1235);
#881=LINE('',#5241,#1236);
#882=LINE('',#5244,#1237);
#883=LINE('',#5245,#1238);
#884=LINE('',#5248,#1239);
#885=LINE('',#5249,#1240);
#886=LINE('',#5253,#1241);
#887=LINE('',#5254,#1242);
#888=LINE('',#5255,#1243);
#889=LINE('',#5258,#1244);
#890=LINE('',#5259,#1245);
#891=LINE('',#5262,#1246);
#892=LINE('',#5263,#1247);
#893=LINE('',#5267,#1248);
#894=LINE('',#5268,#1249);
#895=LINE('',#5269,#1250);
#896=LINE('',#5272,#1251);
#897=LINE('',#5273,#1252);
#898=LINE('',#5276,#1253);
#899=LINE('',#5277,#1254);
#900=LINE('',#5281,#1255);
#901=LINE('',#5282,#1256);
#902=LINE('',#5283,#1257);
#903=LINE('',#5286,#1258);
#904=LINE('',#5287,#1259);
#905=LINE('',#5290,#1260);
#906=LINE('',#5291,#1261);
#907=LINE('',#5295,#1262);
#908=LINE('',#5296,#1263);
#909=LINE('',#5297,#1264);
#910=LINE('',#5300,#1265);
#911=LINE('',#5301,#1266);
#912=LINE('',#5304,#1267);
#913=LINE('',#5305,#1268);
#914=LINE('',#5309,#1269);
#915=LINE('',#5310,#1270);
#916=LINE('',#5311,#1271);
#917=LINE('',#5314,#1272);
#918=LINE('',#5315,#1273);
#919=LINE('',#5318,#1274);
#920=LINE('',#5319,#1275);
#921=LINE('',#5323,#1276);
#922=LINE('',#5324,#1277);
#923=LINE('',#5325,#1278);
#924=LINE('',#5328,#1279);
#925=LINE('',#5329,#1280);
#926=LINE('',#5332,#1281);
#927=LINE('',#5333,#1282);
#928=LINE('',#5337,#1283);
#929=LINE('',#5338,#1284);
#930=LINE('',#5339,#1285);
#931=LINE('',#5342,#1286);
#932=LINE('',#5343,#1287);
#933=LINE('',#5346,#1288);
#934=LINE('',#5347,#1289);
#935=LINE('',#5351,#1290);
#936=LINE('',#5352,#1291);
#937=LINE('',#5353,#1292);
#938=LINE('',#5356,#1293);
#939=LINE('',#5357,#1294);
#940=LINE('',#5360,#1295);
#941=LINE('',#5361,#1296);
#942=LINE('',#5365,#1297);
#943=LINE('',#5366,#1298);
#944=LINE('',#5367,#1299);
#945=LINE('',#5370,#1300);
#946=LINE('',#5371,#1301);
#947=LINE('',#5374,#1302);
#948=LINE('',#5375,#1303);
#949=LINE('',#5378,#1304);
#950=LINE('',#5379,#1305);
#951=LINE('',#5381,#1306);
#952=LINE('',#5383,#1307);
#953=LINE('',#5385,#1308);
#954=LINE('',#5387,#1309);
#955=LINE('',#5389,#1310);
#956=LINE('',#5391,#1311);
#957=LINE('',#5393,#1312);
#958=LINE('',#5395,#1313);
#959=LINE('',#5397,#1314);
#960=LINE('',#5399,#1315);
#961=LINE('',#5401,#1316);
#962=LINE('',#5403,#1317);
#963=LINE('',#5405,#1318);
#964=LINE('',#5407,#1319);
#965=LINE('',#5409,#1320);
#966=LINE('',#5411,#1321);
#967=LINE('',#5413,#1322);
#968=LINE('',#5415,#1323);
#969=LINE('',#5418,#1324);
#970=LINE('',#5419,#1325);
#971=LINE('',#5422,#1326);
#972=LINE('',#5423,#1327);
#973=LINE('',#5426,#1328);
#974=LINE('',#5427,#1329);
#975=LINE('',#5430,#1330);
#976=LINE('',#5431,#1331);
#977=LINE('',#5433,#1332);
#978=LINE('',#5434,#1333);
#979=LINE('',#5436,#1334);
#980=LINE('',#5438,#1335);
#981=VECTOR('',#3592,0.999999999999996);
#982=VECTOR('',#3601,1.);
#983=VECTOR('',#3610,0.999999999999979);
#984=VECTOR('',#3619,1.00000000000001);
#985=VECTOR('',#3628,0.999999999999996);
#986=VECTOR('',#3637,0.999999999999996);
#987=VECTOR('',#3646,1.00000000000001);
#988=VECTOR('',#3655,0.999999999999996);
#989=VECTOR('',#3664,1.00000000000001);
#990=VECTOR('',#3673,0.999999999999996);
#991=VECTOR('',#3682,1.00000000000001);
#992=VECTOR('',#3691,0.999999999999996);
#993=VECTOR('',#3700,1.);
#994=VECTOR('',#3709,1.65);
#995=VECTOR('',#3718,1.65);
#996=VECTOR('',#3727,1.65);
#997=VECTOR('',#3736,1.65);
#998=VECTOR('',#3745,1.65);
#999=VECTOR('',#3754,1.65);
#1000=VECTOR('',#3763,1.65);
#1001=VECTOR('',#3772,1.65);
#1002=VECTOR('',#3781,1.65);
#1003=VECTOR('',#3790,1.65);
#1004=VECTOR('',#3799,3.5);
#1005=VECTOR('',#3808,3.50000000000001);
#1006=VECTOR('',#3817,3.5);
#1007=VECTOR('',#3826,3.5);
#1008=VECTOR('',#3835,3.5);
#1009=VECTOR('',#3844,3.);
#1010=VECTOR('',#3853,3.5);
#1011=VECTOR('',#3862,3.5);
#1012=VECTOR('',#3871,3.5);
#1013=VECTOR('',#3880,3.5);
#1014=VECTOR('',#3889,3.5);
#1015=VECTOR('',#3898,3.);
#1016=VECTOR('',#3907,3.00000000000001);
#1017=VECTOR('',#3914,10.);
#1018=VECTOR('',#3915,10.);
#1019=VECTOR('',#3916,10.);
#1020=VECTOR('',#3917,10.);
#1021=VECTOR('',#3922,10.);
#1022=VECTOR('',#3925,10.);
#1023=VECTOR('',#3926,10.);
#1024=VECTOR('',#3927,10.);
#1025=VECTOR('',#3930,10.);
#1026=VECTOR('',#3933,10.);
#1027=VECTOR('',#3938,10.);
#1028=VECTOR('',#3939,10.);
#1029=VECTOR('',#3942,10.);
#1030=VECTOR('',#3943,10.);
#1031=VECTOR('',#3944,10.);
#1032=VECTOR('',#3947,10.);
#1033=VECTOR('',#3948,10.);
#1034=VECTOR('',#3949,10.);
#1035=VECTOR('',#3950,10.);
#1036=VECTOR('',#3953,10.);
#1037=VECTOR('',#3956,10.);
#1038=VECTOR('',#3959,10.);
#1039=VECTOR('',#3962,10.);
#1040=VECTOR('',#3965,10.);
#1041=VECTOR('',#3966,10.);
#1042=VECTOR('',#3969,10.);
#1043=VECTOR('',#3970,10.);
#1044=VECTOR('',#3973,10.);
#1045=VECTOR('',#3976,10.);
#1046=VECTOR('',#3977,10.);
#1047=VECTOR('',#3978,10.);
#1048=VECTOR('',#3987,10.);
#1049=VECTOR('',#3990,10.);
#1050=VECTOR('',#3991,10.);
#1051=VECTOR('',#3992,10.);
#1052=VECTOR('',#3993,10.);
#1053=VECTOR('',#3998,10.);
#1054=VECTOR('',#4003,10.);
#1055=VECTOR('',#4004,10.);
#1056=VECTOR('',#4005,10.);
#1057=VECTOR('',#4010,10.);
#1058=VECTOR('',#4015,10.);
#1059=VECTOR('',#4016,10.);
#1060=VECTOR('',#4017,10.);
#1061=VECTOR('',#4022,10.);
#1062=VECTOR('',#4027,10.);
#1063=VECTOR('',#4028,10.);
#1064=VECTOR('',#4029,10.);
#1065=VECTOR('',#4038,10.);
#1066=VECTOR('',#4039,10.);
#1067=VECTOR('',#4042,10.);
#1068=VECTOR('',#4045,10.);
#1069=VECTOR('',#4048,10.);
#1070=VECTOR('',#4053,10.);
#1071=VECTOR('',#4056,10.);
#1072=VECTOR('',#4059,10.);
#1073=VECTOR('',#4066,10.);
#1074=VECTOR('',#4067,10.);
#1075=VECTOR('',#4068,10.);
#1076=VECTOR('',#4071,10.);
#1077=VECTOR('',#4072,10.);
#1078=VECTOR('',#4073,10.);
#1079=VECTOR('',#4076,10.);
#1080=VECTOR('',#4077,10.);
#1081=VECTOR('',#4080,10.);
#1082=VECTOR('',#4081,10.);
#1083=VECTOR('',#4082,10.);
#1084=VECTOR('',#4083,10.);
#1085=VECTOR('',#4084,10.);
#1086=VECTOR('',#4085,10.);
#1087=VECTOR('',#4086,10.);
#1088=VECTOR('',#4087,10.);
#1089=VECTOR('',#4088,10.);
#1090=VECTOR('',#4089,10.);
#1091=VECTOR('',#4090,10.);
#1092=VECTOR('',#4091,10.);
#1093=VECTOR('',#4092,10.);
#1094=VECTOR('',#4093,10.);
#1095=VECTOR('',#4094,10.);
#1096=VECTOR('',#4095,10.);
#1097=VECTOR('',#4096,10.);
#1098=VECTOR('',#4097,10.);
#1099=VECTOR('',#4098,10.);
#1100=VECTOR('',#4099,10.);
#1101=VECTOR('',#4100,10.);
#1102=VECTOR('',#4101,10.);
#1103=VECTOR('',#4102,10.);
#1104=VECTOR('',#4103,10.);
#1105=VECTOR('',#4104,10.);
#1106=VECTOR('',#4105,10.);
#1107=VECTOR('',#4106,10.);
#1108=VECTOR('',#4107,10.);
#1109=VECTOR('',#4108,10.);
#1110=VECTOR('',#4109,10.);
#1111=VECTOR('',#4110,10.);
#1112=VECTOR('',#4111,10.);
#1113=VECTOR('',#4112,10.);
#1114=VECTOR('',#4113,10.);
#1115=VECTOR('',#4114,10.);
#1116=VECTOR('',#4115,10.);
#1117=VECTOR('',#4116,10.);
#1118=VECTOR('',#4117,10.);
#1119=VECTOR('',#4118,10.);
#1120=VECTOR('',#4119,10.);
#1121=VECTOR('',#4120,10.);
#1122=VECTOR('',#4121,10.);
#1123=VECTOR('',#4122,10.);
#1124=VECTOR('',#4123,10.);
#1125=VECTOR('',#4124,10.);
#1126=VECTOR('',#4125,10.);
#1127=VECTOR('',#4126,10.);
#1128=VECTOR('',#4127,10.);
#1129=VECTOR('',#4128,10.);
#1130=VECTOR('',#4129,10.);
#1131=VECTOR('',#4130,10.);
#1132=VECTOR('',#4131,10.);
#1133=VECTOR('',#4132,10.);
#1134=VECTOR('',#4133,10.);
#1135=VECTOR('',#4134,10.);
#1136=VECTOR('',#4135,10.);
#1137=VECTOR('',#4136,10.);
#1138=VECTOR('',#4137,10.);
#1139=VECTOR('',#4138,10.);
#1140=VECTOR('',#4139,10.);
#1141=VECTOR('',#4140,10.);
#1142=VECTOR('',#4141,10.);
#1143=VECTOR('',#4142,10.);
#1144=VECTOR('',#4143,10.);
#1145=VECTOR('',#4144,10.);
#1146=VECTOR('',#4145,10.);
#1147=VECTOR('',#4146,10.);
#1148=VECTOR('',#4147,10.);
#1149=VECTOR('',#4148,10.);
#1150=VECTOR('',#4149,10.);
#1151=VECTOR('',#4150,10.);
#1152=VECTOR('',#4151,10.);
#1153=VECTOR('',#4152,10.);
#1154=VECTOR('',#4153,10.);
#1155=VECTOR('',#4154,10.);
#1156=VECTOR('',#4155,10.);
#1157=VECTOR('',#4156,10.);
#1158=VECTOR('',#4157,10.);
#1159=VECTOR('',#4158,10.);
#1160=VECTOR('',#4159,10.);
#1161=VECTOR('',#4160,10.);
#1162=VECTOR('',#4161,10.);
#1163=VECTOR('',#4164,10.);
#1164=VECTOR('',#4165,10.);
#1165=VECTOR('',#4166,10.);
#1166=VECTOR('',#4169,10.);
#1167=VECTOR('',#4170,10.);
#1168=VECTOR('',#4171,10.);
#1169=VECTOR('',#4174,10.);
#1170=VECTOR('',#4175,10.);
#1171=VECTOR('',#4178,10.);
#1172=VECTOR('',#4179,10.);
#1173=VECTOR('',#4180,10.);
#1174=VECTOR('',#4183,10.);
#1175=VECTOR('',#4184,10.);
#1176=VECTOR('',#4187,10.);
#1177=VECTOR('',#4188,10.);
#1178=VECTOR('',#4191,10.);
#1179=VECTOR('',#4192,10.);
#1180=VECTOR('',#4193,10.);
#1181=VECTOR('',#4196,10.);
#1182=VECTOR('',#4197,10.);
#1183=VECTOR('',#4200,10.);
#1184=VECTOR('',#4201,10.);
#1185=VECTOR('',#4204,10.);
#1186=VECTOR('',#4205,10.);
#1187=VECTOR('',#4206,10.);
#1188=VECTOR('',#4209,10.);
#1189=VECTOR('',#4210,10.);
#1190=VECTOR('',#4213,10.);
#1191=VECTOR('',#4214,10.);
#1192=VECTOR('',#4217,10.);
#1193=VECTOR('',#4218,10.);
#1194=VECTOR('',#4219,10.);
#1195=VECTOR('',#4222,10.);
#1196=VECTOR('',#4223,10.);
#1197=VECTOR('',#4226,10.);
#1198=VECTOR('',#4227,10.);
#1199=VECTOR('',#4230,10.);
#1200=VECTOR('',#4231,10.);
#1201=VECTOR('',#4232,10.);
#1202=VECTOR('',#4235,10.);
#1203=VECTOR('',#4236,10.);
#1204=VECTOR('',#4239,10.);
#1205=VECTOR('',#4240,10.);
#1206=VECTOR('',#4243,10.);
#1207=VECTOR('',#4244,10.);
#1208=VECTOR('',#4245,10.);
#1209=VECTOR('',#4248,10.);
#1210=VECTOR('',#4249,10.);
#1211=VECTOR('',#4252,10.);
#1212=VECTOR('',#4253,10.);
#1213=VECTOR('',#4256,10.);
#1214=VECTOR('',#4257,10.);
#1215=VECTOR('',#4258,10.);
#1216=VECTOR('',#4261,10.);
#1217=VECTOR('',#4262,10.);
#1218=VECTOR('',#4265,10.);
#1219=VECTOR('',#4266,10.);
#1220=VECTOR('',#4269,10.);
#1221=VECTOR('',#4270,10.);
#1222=VECTOR('',#4271,10.);
#1223=VECTOR('',#4274,10.);
#1224=VECTOR('',#4275,10.);
#1225=VECTOR('',#4278,10.);
#1226=VECTOR('',#4279,10.);
#1227=VECTOR('',#4282,10.);
#1228=VECTOR('',#4283,10.);
#1229=VECTOR('',#4284,10.);
#1230=VECTOR('',#4287,10.);
#1231=VECTOR('',#4288,10.);
#1232=VECTOR('',#4291,10.);
#1233=VECTOR('',#4292,10.);
#1234=VECTOR('',#4295,10.);
#1235=VECTOR('',#4296,10.);
#1236=VECTOR('',#4297,10.);
#1237=VECTOR('',#4300,10.);
#1238=VECTOR('',#4301,10.);
#1239=VECTOR('',#4304,10.);
#1240=VECTOR('',#4305,10.);
#1241=VECTOR('',#4308,10.);
#1242=VECTOR('',#4309,10.);
#1243=VECTOR('',#4310,10.);
#1244=VECTOR('',#4313,10.);
#1245=VECTOR('',#4314,10.);
#1246=VECTOR('',#4317,10.);
#1247=VECTOR('',#4318,10.);
#1248=VECTOR('',#4321,10.);
#1249=VECTOR('',#4322,10.);
#1250=VECTOR('',#4323,10.);
#1251=VECTOR('',#4326,10.);
#1252=VECTOR('',#4327,10.);
#1253=VECTOR('',#4330,10.);
#1254=VECTOR('',#4331,10.);
#1255=VECTOR('',#4334,10.);
#1256=VECTOR('',#4335,10.);
#1257=VECTOR('',#4336,10.);
#1258=VECTOR('',#4339,10.);
#1259=VECTOR('',#4340,10.);
#1260=VECTOR('',#4343,10.);
#1261=VECTOR('',#4344,10.);
#1262=VECTOR('',#4347,10.);
#1263=VECTOR('',#4348,10.);
#1264=VECTOR('',#4349,10.);
#1265=VECTOR('',#4352,10.);
#1266=VECTOR('',#4353,10.);
#1267=VECTOR('',#4356,10.);
#1268=VECTOR('',#4357,10.);
#1269=VECTOR('',#4360,10.);
#1270=VECTOR('',#4361,10.);
#1271=VECTOR('',#4362,10.);
#1272=VECTOR('',#4365,10.);
#1273=VECTOR('',#4366,10.);
#1274=VECTOR('',#4369,10.);
#1275=VECTOR('',#4370,10.);
#1276=VECTOR('',#4373,10.);
#1277=VECTOR('',#4374,10.);
#1278=VECTOR('',#4375,10.);
#1279=VECTOR('',#4378,10.);
#1280=VECTOR('',#4379,10.);
#1281=VECTOR('',#4382,10.);
#1282=VECTOR('',#4383,10.);
#1283=VECTOR('',#4386,10.);
#1284=VECTOR('',#4387,10.);
#1285=VECTOR('',#4388,10.);
#1286=VECTOR('',#4391,10.);
#1287=VECTOR('',#4392,10.);
#1288=VECTOR('',#4395,10.);
#1289=VECTOR('',#4396,10.);
#1290=VECTOR('',#4399,10.);
#1291=VECTOR('',#4400,10.);
#1292=VECTOR('',#4401,10.);
#1293=VECTOR('',#4404,10.);
#1294=VECTOR('',#4405,10.);
#1295=VECTOR('',#4408,10.);
#1296=VECTOR('',#4409,10.);
#1297=VECTOR('',#4412,10.);
#1298=VECTOR('',#4413,10.);
#1299=VECTOR('',#4414,10.);
#1300=VECTOR('',#4417,10.);
#1301=VECTOR('',#4418,10.);
#1302=VECTOR('',#4421,10.);
#1303=VECTOR('',#4422,10.);
#1304=VECTOR('',#4425,10.);
#1305=VECTOR('',#4426,10.);
#1306=VECTOR('',#4429,10.);
#1307=VECTOR('',#4432,10.);
#1308=VECTOR('',#4435,10.);
#1309=VECTOR('',#4438,10.);
#1310=VECTOR('',#4441,10.);
#1311=VECTOR('',#4444,10.);
#1312=VECTOR('',#4447,10.);
#1313=VECTOR('',#4450,10.);
#1314=VECTOR('',#4453,10.);
#1315=VECTOR('',#4456,10.);
#1316=VECTOR('',#4459,10.);
#1317=VECTOR('',#4462,10.);
#1318=VECTOR('',#4465,10.);
#1319=VECTOR('',#4468,10.);
#1320=VECTOR('',#4471,10.);
#1321=VECTOR('',#4474,10.);
#1322=VECTOR('',#4477,10.);
#1323=VECTOR('',#4480,10.);
#1324=VECTOR('',#4483,10.);
#1325=VECTOR('',#4484,10.);
#1326=VECTOR('',#4487,10.);
#1327=VECTOR('',#4488,10.);
#1328=VECTOR('',#4491,10.);
#1329=VECTOR('',#4492,10.);
#1330=VECTOR('',#4495,10.);
#1331=VECTOR('',#4496,10.);
#1332=VECTOR('',#4499,10.);
#1333=VECTOR('',#4500,10.);
#1334=VECTOR('',#4503,10.);
#1335=VECTOR('',#4506,10.);
#1336=CIRCLE('',#3304,1.25);
#1337=CIRCLE('',#3305,1.25);
#1338=CIRCLE('',#3308,1.25);
#1339=CIRCLE('',#3309,1.25);
#1340=CIRCLE('',#3312,1.24999999999998);
#1341=CIRCLE('',#3313,1.24999999999998);
#1342=CIRCLE('',#3316,1.25000000000001);
#1343=CIRCLE('',#3317,1.25000000000001);
#1344=CIRCLE('',#3320,1.25);
#1345=CIRCLE('',#3321,1.25);
#1346=CIRCLE('',#3324,1.25);
#1347=CIRCLE('',#3325,1.25);
#1348=CIRCLE('',#3328,1.25000000000001);
#1349=CIRCLE('',#3329,1.25000000000001);
#1350=CIRCLE('',#3332,1.25);
#1351=CIRCLE('',#3333,1.25);
#1352=CIRCLE('',#3336,1.25000000000001);
#1353=CIRCLE('',#3337,1.25000000000001);
#1354=CIRCLE('',#3340,1.25);
#1355=CIRCLE('',#3341,1.25);
#1356=CIRCLE('',#3344,1.25000000000001);
#1357=CIRCLE('',#3345,1.25000000000001);
#1358=CIRCLE('',#3348,1.25);
#1359=CIRCLE('',#3349,1.25);
#1360=CIRCLE('',#3352,1.25);
#1361=CIRCLE('',#3353,1.25);
#1362=CIRCLE('',#3356,1.65);
#1363=CIRCLE('',#3357,1.65);
#1364=CIRCLE('',#3360,1.65);
#1365=CIRCLE('',#3361,1.65);
#1366=CIRCLE('',#3364,1.65);
#1367=CIRCLE('',#3365,1.65);
#1368=CIRCLE('',#3368,1.65);
#1369=CIRCLE('',#3369,1.65);
#1370=CIRCLE('',#3372,1.65);
#1371=CIRCLE('',#3373,1.65);
#1372=CIRCLE('',#3376,1.65);
#1373=CIRCLE('',#3377,1.65);
#1374=CIRCLE('',#3380,1.65);
#1375=CIRCLE('',#3381,1.65);
#1376=CIRCLE('',#3384,1.65);
#1377=CIRCLE('',#3385,1.65);
#1378=CIRCLE('',#3388,1.65);
#1379=CIRCLE('',#3389,1.65);
#1380=CIRCLE('',#3392,1.65);
#1381=CIRCLE('',#3393,1.65);
#1382=CIRCLE('',#3396,3.5);
#1383=CIRCLE('',#3397,3.5);
#1384=CIRCLE('',#3400,3.50000000000001);
#1385=CIRCLE('',#3401,3.50000000000001);
#1386=CIRCLE('',#3404,3.5);
#1387=CIRCLE('',#3405,3.5);
#1388=CIRCLE('',#3408,3.5);
#1389=CIRCLE('',#3409,3.5);
#1390=CIRCLE('',#3412,3.5);
#1391=CIRCLE('',#3413,3.5);
#1392=CIRCLE('',#3416,3.);
#1393=CIRCLE('',#3417,3.);
#1394=CIRCLE('',#3420,3.5);
#1395=CIRCLE('',#3421,3.5);
#1396=CIRCLE('',#3424,3.5);
#1397=CIRCLE('',#3425,3.5);
#1398=CIRCLE('',#3428,3.5);
#1399=CIRCLE('',#3429,3.5);
#1400=CIRCLE('',#3432,3.5);
#1401=CIRCLE('',#3433,3.5);
#1402=CIRCLE('',#3436,3.5);
#1403=CIRCLE('',#3437,3.5);
#1404=CIRCLE('',#3440,3.);
#1405=CIRCLE('',#3441,3.);
#1406=CIRCLE('',#3444,3.00000000000001);
#1407=CIRCLE('',#3445,3.00000000000001);
#1408=CIRCLE('',#3448,4.);
#1409=CIRCLE('',#3450,4.);
#1410=CIRCLE('',#3452,4.);
#1411=CIRCLE('',#3453,4.);
#1412=CIRCLE('',#3457,5.);
#1413=CIRCLE('',#3458,5.);
#1414=CIRCLE('',#3459,5.);
#1415=CIRCLE('',#3460,5.);
#1416=CIRCLE('',#3466,4.);
#1417=CIRCLE('',#3467,4.);
#1418=CIRCLE('',#3471,5.);
#1419=CIRCLE('',#3472,3.);
#1420=CIRCLE('',#3475,5.);
#1421=CIRCLE('',#3476,3.);
#1422=CIRCLE('',#3479,5.);
#1423=CIRCLE('',#3480,3.);
#1424=CIRCLE('',#3483,5.);
#1425=CIRCLE('',#3484,3.);
#1426=VERTEX_POINT('',#4511);
#1427=VERTEX_POINT('',#4513);
#1428=VERTEX_POINT('',#4518);
#1429=VERTEX_POINT('',#4520);
#1430=VERTEX_POINT('',#4525);
#1431=VERTEX_POINT('',#4527);
#1432=VERTEX_POINT('',#4532);
#1433=VERTEX_POINT('',#4534);
#1434=VERTEX_POINT('',#4539);
#1435=VERTEX_POINT('',#4541);
#1436=VERTEX_POINT('',#4546);
#1437=VERTEX_POINT('',#4548);
#1438=VERTEX_POINT('',#4553);
#1439=VERTEX_POINT('',#4555);
#1440=VERTEX_POINT('',#4560);
#1441=VERTEX_POINT('',#4562);
#1442=VERTEX_POINT('',#4567);
#1443=VERTEX_POINT('',#4569);
#1444=VERTEX_POINT('',#4574);
#1445=VERTEX_POINT('',#4576);
#1446=VERTEX_POINT('',#4581);
#1447=VERTEX_POINT('',#4583);
#1448=VERTEX_POINT('',#4588);
#1449=VERTEX_POINT('',#4590);
#1450=VERTEX_POINT('',#4595);
#1451=VERTEX_POINT('',#4597);
#1452=VERTEX_POINT('',#4602);
#1453=VERTEX_POINT('',#4604);
#1454=VERTEX_POINT('',#4609);
#1455=VERTEX_POINT('',#4611);
#1456=VERTEX_POINT('',#4616);
#1457=VERTEX_POINT('',#4618);
#1458=VERTEX_POINT('',#4623);
#1459=VERTEX_POINT('',#4625);
#1460=VERTEX_POINT('',#4630);
#1461=VERTEX_POINT('',#4632);
#1462=VERTEX_POINT('',#4637);
#1463=VERTEX_POINT('',#4639);
#1464=VERTEX_POINT('',#4644);
#1465=VERTEX_POINT('',#4646);
#1466=VERTEX_POINT('',#4651);
#1467=VERTEX_POINT('',#4653);
#1468=VERTEX_POINT('',#4658);
#1469=VERTEX_POINT('',#4660);
#1470=VERTEX_POINT('',#4665);
#1471=VERTEX_POINT('',#4667);
#1472=VERTEX_POINT('',#4672);
#1473=VERTEX_POINT('',#4674);
#1474=VERTEX_POINT('',#4679);
#1475=VERTEX_POINT('',#4681);
#1476=VERTEX_POINT('',#4686);
#1477=VERTEX_POINT('',#4688);
#1478=VERTEX_POINT('',#4693);
#1479=VERTEX_POINT('',#4695);
#1480=VERTEX_POINT('',#4700);
#1481=VERTEX_POINT('',#4702);
#1482=VERTEX_POINT('',#4707);
#1483=VERTEX_POINT('',#4709);
#1484=VERTEX_POINT('',#4714);
#1485=VERTEX_POINT('',#4716);
#1486=VERTEX_POINT('',#4721);
#1487=VERTEX_POINT('',#4723);
#1488=VERTEX_POINT('',#4728);
#1489=VERTEX_POINT('',#4730);
#1490=VERTEX_POINT('',#4735);
#1491=VERTEX_POINT('',#4737);
#1492=VERTEX_POINT('',#4742);
#1493=VERTEX_POINT('',#4744);
#1494=VERTEX_POINT('',#4749);
#1495=VERTEX_POINT('',#4751);
#1496=VERTEX_POINT('',#4756);
#1497=VERTEX_POINT('',#4758);
#1498=VERTEX_POINT('',#4763);
#1499=VERTEX_POINT('',#4764);
#1500=VERTEX_POINT('',#4766);
#1501=VERTEX_POINT('',#4768);
#1502=VERTEX_POINT('',#4770);
#1503=VERTEX_POINT('',#4774);
#1504=VERTEX_POINT('',#4775);
#1505=VERTEX_POINT('',#4777);
#1506=VERTEX_POINT('',#4779);
#1507=VERTEX_POINT('',#4781);
#1508=VERTEX_POINT('',#4785);
#1509=VERTEX_POINT('',#4787);
#1510=VERTEX_POINT('',#4789);
#1511=VERTEX_POINT('',#4793);
#1512=VERTEX_POINT('',#4797);
#1513=VERTEX_POINT('',#4799);
#1514=VERTEX_POINT('',#4803);
#1515=VERTEX_POINT('',#4805);
#1516=VERTEX_POINT('',#4808);
#1517=VERTEX_POINT('',#4810);
#1518=VERTEX_POINT('',#4812);
#1519=VERTEX_POINT('',#4814);
#1520=VERTEX_POINT('',#4816);
#1521=VERTEX_POINT('',#4818);
#1522=VERTEX_POINT('',#4820);
#1523=VERTEX_POINT('',#4822);
#1524=VERTEX_POINT('',#4826);
#1525=VERTEX_POINT('',#4830);
#1526=VERTEX_POINT('',#4836);
#1527=VERTEX_POINT('',#4838);
#1528=VERTEX_POINT('',#4847);
#1529=VERTEX_POINT('',#4848);
#1530=VERTEX_POINT('',#4850);
#1531=VERTEX_POINT('',#4852);
#1532=VERTEX_POINT('',#4856);
#1533=VERTEX_POINT('',#4858);
#1534=VERTEX_POINT('',#4862);
#1535=VERTEX_POINT('',#4863);
#1536=VERTEX_POINT('',#4868);
#1537=VERTEX_POINT('',#4870);
#1538=VERTEX_POINT('',#4874);
#1539=VERTEX_POINT('',#4875);
#1540=VERTEX_POINT('',#4880);
#1541=VERTEX_POINT('',#4882);
#1542=VERTEX_POINT('',#4886);
#1543=VERTEX_POINT('',#4887);
#1544=VERTEX_POINT('',#4913);
#1545=VERTEX_POINT('',#4914);
#1546=VERTEX_POINT('',#4916);
#1547=VERTEX_POINT('',#4920);
#1548=VERTEX_POINT('',#4922);
#1549=VERTEX_POINT('',#4926);
#1550=VERTEX_POINT('',#4930);
#1551=VERTEX_POINT('',#4932);
#1552=VERTEX_POINT('',#4934);
#1553=VERTEX_POINT('',#4936);
#1554=VERTEX_POINT('',#4938);
#1555=VERTEX_POINT('',#4940);
#1556=VERTEX_POINT('',#4942);
#1557=VERTEX_POINT('',#4944);
#1558=VERTEX_POINT('',#4946);
#1559=VERTEX_POINT('',#4948);
#1560=VERTEX_POINT('',#4950);
#1561=VERTEX_POINT('',#4952);
#1562=VERTEX_POINT('',#4954);
#1563=VERTEX_POINT('',#4956);
#1564=VERTEX_POINT('',#4958);
#1565=VERTEX_POINT('',#4960);
#1566=VERTEX_POINT('',#4962);
#1567=VERTEX_POINT('',#4964);
#1568=VERTEX_POINT('',#4966);
#1569=VERTEX_POINT('',#4968);
#1570=VERTEX_POINT('',#4970);
#1571=VERTEX_POINT('',#4972);
#1572=VERTEX_POINT('',#4974);
#1573=VERTEX_POINT('',#4976);
#1574=VERTEX_POINT('',#4978);
#1575=VERTEX_POINT('',#4980);
#1576=VERTEX_POINT('',#4982);
#1577=VERTEX_POINT('',#4984);
#1578=VERTEX_POINT('',#4986);
#1579=VERTEX_POINT('',#4988);
#1580=VERTEX_POINT('',#4990);
#1581=VERTEX_POINT('',#4992);
#1582=VERTEX_POINT('',#4994);
#1583=VERTEX_POINT('',#4996);
#1584=VERTEX_POINT('',#4998);
#1585=VERTEX_POINT('',#5000);
#1586=VERTEX_POINT('',#5002);
#1587=VERTEX_POINT('',#5004);
#1588=VERTEX_POINT('',#5006);
#1589=VERTEX_POINT('',#5008);
#1590=VERTEX_POINT('',#5010);
#1591=VERTEX_POINT('',#5012);
#1592=VERTEX_POINT('',#5014);
#1593=VERTEX_POINT('',#5016);
#1594=VERTEX_POINT('',#5018);
#1595=VERTEX_POINT('',#5020);
#1596=VERTEX_POINT('',#5022);
#1597=VERTEX_POINT('',#5024);
#1598=VERTEX_POINT('',#5026);
#1599=VERTEX_POINT('',#5028);
#1600=VERTEX_POINT('',#5030);
#1601=VERTEX_POINT('',#5032);
#1602=VERTEX_POINT('',#5034);
#1603=VERTEX_POINT('',#5036);
#1604=VERTEX_POINT('',#5038);
#1605=VERTEX_POINT('',#5040);
#1606=VERTEX_POINT('',#5042);
#1607=VERTEX_POINT('',#5044);
#1608=VERTEX_POINT('',#5046);
#1609=VERTEX_POINT('',#5048);
#1610=VERTEX_POINT('',#5050);
#1611=VERTEX_POINT('',#5052);
#1612=VERTEX_POINT('',#5054);
#1613=VERTEX_POINT('',#5056);
#1614=VERTEX_POINT('',#5058);
#1615=VERTEX_POINT('',#5060);
#1616=VERTEX_POINT('',#5062);
#1617=VERTEX_POINT('',#5064);
#1618=VERTEX_POINT('',#5066);
#1619=VERTEX_POINT('',#5068);
#1620=VERTEX_POINT('',#5070);
#1621=VERTEX_POINT('',#5072);
#1622=VERTEX_POINT('',#5074);
#1623=VERTEX_POINT('',#5076);
#1624=VERTEX_POINT('',#5078);
#1625=VERTEX_POINT('',#5080);
#1626=VERTEX_POINT('',#5082);
#1627=VERTEX_POINT('',#5084);
#1628=VERTEX_POINT('',#5086);
#1629=VERTEX_POINT('',#5088);
#1630=VERTEX_POINT('',#5090);
#1631=VERTEX_POINT('',#5094);
#1632=VERTEX_POINT('',#5095);
#1633=VERTEX_POINT('',#5097);
#1634=VERTEX_POINT('',#5101);
#1635=VERTEX_POINT('',#5103);
#1636=VERTEX_POINT('',#5107);
#1637=VERTEX_POINT('',#5111);
#1638=VERTEX_POINT('',#5112);
#1639=VERTEX_POINT('',#5117);
#1640=VERTEX_POINT('',#5121);
#1641=VERTEX_POINT('',#5125);
#1642=VERTEX_POINT('',#5126);
#1643=VERTEX_POINT('',#5131);
#1644=VERTEX_POINT('',#5135);
#1645=VERTEX_POINT('',#5139);
#1646=VERTEX_POINT('',#5140);
#1647=VERTEX_POINT('',#5145);
#1648=VERTEX_POINT('',#5149);
#1649=VERTEX_POINT('',#5153);
#1650=VERTEX_POINT('',#5154);
#1651=VERTEX_POINT('',#5159);
#1652=VERTEX_POINT('',#5163);
#1653=VERTEX_POINT('',#5167);
#1654=VERTEX_POINT('',#5168);
#1655=VERTEX_POINT('',#5173);
#1656=VERTEX_POINT('',#5177);
#1657=VERTEX_POINT('',#5181);
#1658=VERTEX_POINT('',#5182);
#1659=VERTEX_POINT('',#5187);
#1660=VERTEX_POINT('',#5191);
#1661=VERTEX_POINT('',#5195);
#1662=VERTEX_POINT('',#5196);
#1663=VERTEX_POINT('',#5201);
#1664=VERTEX_POINT('',#5205);
#1665=VERTEX_POINT('',#5209);
#1666=VERTEX_POINT('',#5210);
#1667=VERTEX_POINT('',#5215);
#1668=VERTEX_POINT('',#5219);
#1669=VERTEX_POINT('',#5223);
#1670=VERTEX_POINT('',#5224);
#1671=VERTEX_POINT('',#5229);
#1672=VERTEX_POINT('',#5233);
#1673=VERTEX_POINT('',#5237);
#1674=VERTEX_POINT('',#5238);
#1675=VERTEX_POINT('',#5243);
#1676=VERTEX_POINT('',#5247);
#1677=VERTEX_POINT('',#5251);
#1678=VERTEX_POINT('',#5252);
#1679=VERTEX_POINT('',#5257);
#1680=VERTEX_POINT('',#5261);
#1681=VERTEX_POINT('',#5265);
#1682=VERTEX_POINT('',#5266);
#1683=VERTEX_POINT('',#5271);
#1684=VERTEX_POINT('',#5275);
#1685=VERTEX_POINT('',#5279);
#1686=VERTEX_POINT('',#5280);
#1687=VERTEX_POINT('',#5285);
#1688=VERTEX_POINT('',#5289);
#1689=VERTEX_POINT('',#5293);
#1690=VERTEX_POINT('',#5294);
#1691=VERTEX_POINT('',#5299);
#1692=VERTEX_POINT('',#5303);
#1693=VERTEX_POINT('',#5307);
#1694=VERTEX_POINT('',#5308);
#1695=VERTEX_POINT('',#5313);
#1696=VERTEX_POINT('',#5317);
#1697=VERTEX_POINT('',#5321);
#1698=VERTEX_POINT('',#5322);
#1699=VERTEX_POINT('',#5327);
#1700=VERTEX_POINT('',#5331);
#1701=VERTEX_POINT('',#5335);
#1702=VERTEX_POINT('',#5336);
#1703=VERTEX_POINT('',#5341);
#1704=VERTEX_POINT('',#5345);
#1705=VERTEX_POINT('',#5349);
#1706=VERTEX_POINT('',#5350);
#1707=VERTEX_POINT('',#5355);
#1708=VERTEX_POINT('',#5359);
#1709=VERTEX_POINT('',#5363);
#1710=VERTEX_POINT('',#5364);
#1711=VERTEX_POINT('',#5369);
#1712=VERTEX_POINT('',#5373);
#1713=VERTEX_POINT('',#5377);
#1714=VERTEX_POINT('',#5417);
#1715=VERTEX_POINT('',#5421);
#1716=VERTEX_POINT('',#5425);
#1717=VERTEX_POINT('',#5429);
#1718=EDGE_CURVE('',#1426,#1426,#1336,.T.);
#1719=EDGE_CURVE('',#1426,#1427,#626,.T.);
#1720=EDGE_CURVE('',#1427,#1427,#1337,.T.);
#1721=EDGE_CURVE('',#1428,#1428,#1338,.T.);
#1722=EDGE_CURVE('',#1428,#1429,#627,.T.);
#1723=EDGE_CURVE('',#1429,#1429,#1339,.T.);
#1724=EDGE_CURVE('',#1430,#1430,#1340,.T.);
#1725=EDGE_CURVE('',#1430,#1431,#628,.T.);
#1726=EDGE_CURVE('',#1431,#1431,#1341,.T.);
#1727=EDGE_CURVE('',#1432,#1432,#1342,.T.);
#1728=EDGE_CURVE('',#1432,#1433,#629,.T.);
#1729=EDGE_CURVE('',#1433,#1433,#1343,.T.);
#1730=EDGE_CURVE('',#1434,#1434,#1344,.T.);
#1731=EDGE_CURVE('',#1434,#1435,#630,.T.);
#1732=EDGE_CURVE('',#1435,#1435,#1345,.T.);
#1733=EDGE_CURVE('',#1436,#1436,#1346,.T.);
#1734=EDGE_CURVE('',#1436,#1437,#631,.T.);
#1735=EDGE_CURVE('',#1437,#1437,#1347,.T.);
#1736=EDGE_CURVE('',#1438,#1438,#1348,.T.);
#1737=EDGE_CURVE('',#1438,#1439,#632,.T.);
#1738=EDGE_CURVE('',#1439,#1439,#1349,.T.);
#1739=EDGE_CURVE('',#1440,#1440,#1350,.T.);
#1740=EDGE_CURVE('',#1440,#1441,#633,.T.);
#1741=EDGE_CURVE('',#1441,#1441,#1351,.T.);
#1742=EDGE_CURVE('',#1442,#1442,#1352,.T.);
#1743=EDGE_CURVE('',#1442,#1443,#634,.T.);
#1744=EDGE_CURVE('',#1443,#1443,#1353,.T.);
#1745=EDGE_CURVE('',#1444,#1444,#1354,.T.);
#1746=EDGE_CURVE('',#1444,#1445,#635,.T.);
#1747=EDGE_CURVE('',#1445,#1445,#1355,.T.);
#1748=EDGE_CURVE('',#1446,#1446,#1356,.T.);
#1749=EDGE_CURVE('',#1446,#1447,#636,.T.);
#1750=EDGE_CURVE('',#1447,#1447,#1357,.T.);
#1751=EDGE_CURVE('',#1448,#1448,#1358,.T.);
#1752=EDGE_CURVE('',#1448,#1449,#637,.T.);
#1753=EDGE_CURVE('',#1449,#1449,#1359,.T.);
#1754=EDGE_CURVE('',#1450,#1450,#1360,.T.);
#1755=EDGE_CURVE('',#1450,#1451,#638,.T.);
#1756=EDGE_CURVE('',#1451,#1451,#1361,.T.);
#1757=EDGE_CURVE('',#1452,#1452,#1362,.T.);
#1758=EDGE_CURVE('',#1452,#1453,#639,.T.);
#1759=EDGE_CURVE('',#1453,#1453,#1363,.T.);
#1760=EDGE_CURVE('',#1454,#1454,#1364,.T.);
#1761=EDGE_CURVE('',#1454,#1455,#640,.T.);
#1762=EDGE_CURVE('',#1455,#1455,#1365,.T.);
#1763=EDGE_CURVE('',#1456,#1456,#1366,.T.);
#1764=EDGE_CURVE('',#1456,#1457,#641,.T.);
#1765=EDGE_CURVE('',#1457,#1457,#1367,.T.);
#1766=EDGE_CURVE('',#1458,#1458,#1368,.T.);
#1767=EDGE_CURVE('',#1458,#1459,#642,.T.);
#1768=EDGE_CURVE('',#1459,#1459,#1369,.T.);
#1769=EDGE_CURVE('',#1460,#1460,#1370,.T.);
#1770=EDGE_CURVE('',#1460,#1461,#643,.T.);
#1771=EDGE_CURVE('',#1461,#1461,#1371,.T.);
#1772=EDGE_CURVE('',#1462,#1462,#1372,.T.);
#1773=EDGE_CURVE('',#1462,#1463,#644,.T.);
#1774=EDGE_CURVE('',#1463,#1463,#1373,.T.);
#1775=EDGE_CURVE('',#1464,#1464,#1374,.T.);
#1776=EDGE_CURVE('',#1464,#1465,#645,.T.);
#1777=EDGE_CURVE('',#1465,#1465,#1375,.T.);
#1778=EDGE_CURVE('',#1466,#1466,#1376,.T.);
#1779=EDGE_CURVE('',#1466,#1467,#646,.T.);
#1780=EDGE_CURVE('',#1467,#1467,#1377,.T.);
#1781=EDGE_CURVE('',#1468,#1468,#1378,.T.);
#1782=EDGE_CURVE('',#1468,#1469,#647,.T.);
#1783=EDGE_CURVE('',#1469,#1469,#1379,.T.);
#1784=EDGE_CURVE('',#1470,#1470,#1380,.T.);
#1785=EDGE_CURVE('',#1470,#1471,#648,.T.);
#1786=EDGE_CURVE('',#1471,#1471,#1381,.T.);
#1787=EDGE_CURVE('',#1472,#1472,#1382,.T.);
#1788=EDGE_CURVE('',#1472,#1473,#649,.T.);
#1789=EDGE_CURVE('',#1473,#1473,#1383,.T.);
#1790=EDGE_CURVE('',#1474,#1474,#1384,.T.);
#1791=EDGE_CURVE('',#1474,#1475,#650,.T.);
#1792=EDGE_CURVE('',#1475,#1475,#1385,.T.);
#1793=EDGE_CURVE('',#1476,#1476,#1386,.T.);
#1794=EDGE_CURVE('',#1476,#1477,#651,.T.);
#1795=EDGE_CURVE('',#1477,#1477,#1387,.T.);
#1796=EDGE_CURVE('',#1478,#1478,#1388,.T.);
#1797=EDGE_CURVE('',#1478,#1479,#652,.T.);
#1798=EDGE_CURVE('',#1479,#1479,#1389,.T.);
#1799=EDGE_CURVE('',#1480,#1480,#1390,.T.);
#1800=EDGE_CURVE('',#1480,#1481,#653,.T.);
#1801=EDGE_CURVE('',#1481,#1481,#1391,.T.);
#1802=EDGE_CURVE('',#1482,#1482,#1392,.T.);
#1803=EDGE_CURVE('',#1482,#1483,#654,.T.);
#1804=EDGE_CURVE('',#1483,#1483,#1393,.T.);
#1805=EDGE_CURVE('',#1484,#1484,#1394,.T.);
#1806=EDGE_CURVE('',#1484,#1485,#655,.T.);
#1807=EDGE_CURVE('',#1485,#1485,#1395,.T.);
#1808=EDGE_CURVE('',#1486,#1486,#1396,.T.);
#1809=EDGE_CURVE('',#1486,#1487,#656,.T.);
#1810=EDGE_CURVE('',#1487,#1487,#1397,.T.);
#1811=EDGE_CURVE('',#1488,#1488,#1398,.T.);
#1812=EDGE_CURVE('',#1488,#1489,#657,.T.);
#1813=EDGE_CURVE('',#1489,#1489,#1399,.T.);
#1814=EDGE_CURVE('',#1490,#1490,#1400,.T.);
#1815=EDGE_CURVE('',#1490,#1491,#658,.T.);
#1816=EDGE_CURVE('',#1491,#1491,#1401,.T.);
#1817=EDGE_CURVE('',#1492,#1492,#1402,.T.);
#1818=EDGE_CURVE('',#1492,#1493,#659,.T.);
#1819=EDGE_CURVE('',#1493,#1493,#1403,.T.);
#1820=EDGE_CURVE('',#1494,#1494,#1404,.T.);
#1821=EDGE_CURVE('',#1494,#1495,#660,.T.);
#1822=EDGE_CURVE('',#1495,#1495,#1405,.T.);
#1823=EDGE_CURVE('',#1496,#1496,#1406,.T.);
#1824=EDGE_CURVE('',#1496,#1497,#661,.T.);
#1825=EDGE_CURVE('',#1497,#1497,#1407,.T.);
#1826=EDGE_CURVE('',#1498,#1499,#662,.T.);
#1827=EDGE_CURVE('',#1500,#1499,#663,.T.);
#1828=EDGE_CURVE('',#1500,#1501,#664,.T.);
#1829=EDGE_CURVE('',#1502,#1501,#665,.T.);
#1830=EDGE_CURVE('',#1498,#1502,#1408,.T.);
#1831=EDGE_CURVE('',#1503,#1504,#666,.T.);
#1832=EDGE_CURVE('',#1505,#1504,#1409,.T.);
#1833=EDGE_CURVE('',#1506,#1505,#667,.T.);
#1834=EDGE_CURVE('',#1507,#1506,#668,.T.);
#1835=EDGE_CURVE('',#1503,#1507,#669,.T.);
#1836=EDGE_CURVE('',#1504,#1508,#670,.T.);
#1837=EDGE_CURVE('',#1509,#1508,#1410,.T.);
#1838=EDGE_CURVE('',#1509,#1510,#671,.T.);
#1839=EDGE_CURVE('',#1510,#1505,#1411,.T.);
#1840=EDGE_CURVE('',#1511,#1503,#672,.T.);
#1841=EDGE_CURVE('',#1508,#1511,#673,.T.);
#1842=EDGE_CURVE('',#1512,#1498,#674,.T.);
#1843=EDGE_CURVE('',#1513,#1512,#675,.T.);
#1844=EDGE_CURVE('',#1499,#1513,#676,.T.);
#1845=EDGE_CURVE('',#1507,#1514,#677,.T.);
#1846=EDGE_CURVE('',#1514,#1515,#678,.T.);
#1847=EDGE_CURVE('',#1515,#1500,#679,.T.);
#1848=EDGE_CURVE('',#1513,#1516,#680,.T.);
#1849=EDGE_CURVE('',#1517,#1516,#1412,.T.);
#1850=EDGE_CURVE('',#1517,#1518,#681,.T.);
#1851=EDGE_CURVE('',#1519,#1518,#1413,.T.);
#1852=EDGE_CURVE('',#1519,#1520,#682,.T.);
#1853=EDGE_CURVE('',#1521,#1520,#1414,.T.);
#1854=EDGE_CURVE('',#1521,#1522,#683,.T.);
#1855=EDGE_CURVE('',#1523,#1522,#1415,.T.);
#1856=EDGE_CURVE('',#1523,#1511,#684,.T.);
#1857=EDGE_CURVE('',#1524,#1515,#685,.T.);
#1858=EDGE_CURVE('',#1501,#1524,#686,.T.);
#1859=EDGE_CURVE('',#1525,#1514,#687,.T.);
#1860=EDGE_CURVE('',#1524,#1525,#688,.T.);
#1861=EDGE_CURVE('',#1525,#1506,#689,.T.);
#1862=EDGE_CURVE('',#1526,#1509,#690,.T.);
#1863=EDGE_CURVE('',#1526,#1527,#691,.T.);
#1864=EDGE_CURVE('',#1527,#1510,#692,.T.);
#1865=EDGE_CURVE('',#1502,#1527,#1416,.T.);
#1866=EDGE_CURVE('',#1512,#1526,#1417,.T.);
#1867=EDGE_CURVE('',#1502,#1505,#693,.T.);
#1868=EDGE_CURVE('',#1528,#1529,#694,.T.);
#1869=EDGE_CURVE('',#1529,#1530,#695,.T.);
#1870=EDGE_CURVE('',#1530,#1531,#696,.T.);
#1871=EDGE_CURVE('',#1531,#1528,#697,.T.);
#1872=EDGE_CURVE('',#1528,#1532,#1418,.T.);
#1873=EDGE_CURVE('',#1532,#1533,#698,.T.);
#1874=EDGE_CURVE('',#1533,#1529,#1419,.T.);
#1875=EDGE_CURVE('',#1534,#1535,#699,.T.);
#1876=EDGE_CURVE('',#1535,#1533,#700,.T.);
#1877=EDGE_CURVE('',#1532,#1534,#701,.T.);
#1878=EDGE_CURVE('',#1534,#1536,#1420,.T.);
#1879=EDGE_CURVE('',#1536,#1537,#702,.T.);
#1880=EDGE_CURVE('',#1537,#1535,#1421,.T.);
#1881=EDGE_CURVE('',#1538,#1539,#703,.T.);
#1882=EDGE_CURVE('',#1539,#1537,#704,.T.);
#1883=EDGE_CURVE('',#1536,#1538,#705,.T.);
#1884=EDGE_CURVE('',#1538,#1540,#1422,.T.);
#1885=EDGE_CURVE('',#1540,#1541,#706,.T.);
#1886=EDGE_CURVE('',#1541,#1539,#1423,.T.);
#1887=EDGE_CURVE('',#1542,#1543,#707,.T.);
#1888=EDGE_CURVE('',#1543,#1541,#708,.T.);
#1889=EDGE_CURVE('',#1540,#1542,#709,.T.);
#1890=EDGE_CURVE('',#1542,#1531,#1424,.T.);
#1891=EDGE_CURVE('',#1530,#1543,#1425,.T.);
#1892=EDGE_CURVE('',#1534,#1519,#710,.T.);
#1893=EDGE_CURVE('',#1518,#1536,#711,.T.);
#1894=EDGE_CURVE('',#1520,#1532,#712,.T.);
#1895=EDGE_CURVE('',#1528,#1521,#713,.T.);
#1896=EDGE_CURVE('',#1522,#1531,#714,.T.);
#1897=EDGE_CURVE('',#1538,#1517,#715,.T.);
#1898=EDGE_CURVE('',#1516,#1540,#716,.T.);
#1899=EDGE_CURVE('',#1542,#1523,#717,.T.);
#1900=EDGE_CURVE('',#1544,#1545,#718,.T.);
#1901=EDGE_CURVE('',#1546,#1545,#719,.T.);
#1902=EDGE_CURVE('',#1544,#1546,#720,.T.);
#1903=EDGE_CURVE('',#1544,#1547,#721,.T.);
#1904=EDGE_CURVE('',#1548,#1546,#722,.T.);
#1905=EDGE_CURVE('',#1547,#1548,#723,.T.);
#1906=EDGE_CURVE('',#1549,#1545,#724,.T.);
#1907=EDGE_CURVE('',#1549,#1548,#725,.T.);
#1908=EDGE_CURVE('',#1545,#1550,#726,.T.);
#1909=EDGE_CURVE('',#1550,#1551,#727,.T.);
#1910=EDGE_CURVE('',#1551,#1552,#728,.T.);
#1911=EDGE_CURVE('',#1552,#1553,#729,.T.);
#1912=EDGE_CURVE('',#1553,#1554,#730,.T.);
#1913=EDGE_CURVE('',#1554,#1555,#731,.T.);
#1914=EDGE_CURVE('',#1555,#1556,#732,.T.);
#1915=EDGE_CURVE('',#1556,#1557,#733,.T.);
#1916=EDGE_CURVE('',#1557,#1558,#734,.T.);
#1917=EDGE_CURVE('',#1558,#1559,#735,.T.);
#1918=EDGE_CURVE('',#1559,#1560,#736,.T.);
#1919=EDGE_CURVE('',#1560,#1561,#737,.T.);
#1920=EDGE_CURVE('',#1561,#1562,#738,.T.);
#1921=EDGE_CURVE('',#1562,#1563,#739,.T.);
#1922=EDGE_CURVE('',#1563,#1564,#740,.T.);
#1923=EDGE_CURVE('',#1564,#1565,#741,.T.);
#1924=EDGE_CURVE('',#1565,#1566,#742,.T.);
#1925=EDGE_CURVE('',#1566,#1567,#743,.T.);
#1926=EDGE_CURVE('',#1567,#1568,#744,.T.);
#1927=EDGE_CURVE('',#1568,#1569,#745,.T.);
#1928=EDGE_CURVE('',#1569,#1570,#746,.T.);
#1929=EDGE_CURVE('',#1570,#1571,#747,.T.);
#1930=EDGE_CURVE('',#1571,#1572,#748,.T.);
#1931=EDGE_CURVE('',#1572,#1573,#749,.T.);
#1932=EDGE_CURVE('',#1573,#1574,#750,.T.);
#1933=EDGE_CURVE('',#1574,#1575,#751,.T.);
#1934=EDGE_CURVE('',#1575,#1576,#752,.T.);
#1935=EDGE_CURVE('',#1576,#1577,#753,.T.);
#1936=EDGE_CURVE('',#1577,#1578,#754,.T.);
#1937=EDGE_CURVE('',#1578,#1579,#755,.T.);
#1938=EDGE_CURVE('',#1579,#1580,#756,.T.);
#1939=EDGE_CURVE('',#1580,#1581,#757,.T.);
#1940=EDGE_CURVE('',#1581,#1582,#758,.T.);
#1941=EDGE_CURVE('',#1582,#1583,#759,.T.);
#1942=EDGE_CURVE('',#1583,#1584,#760,.T.);
#1943=EDGE_CURVE('',#1584,#1585,#761,.T.);
#1944=EDGE_CURVE('',#1585,#1586,#762,.T.);
#1945=EDGE_CURVE('',#1586,#1587,#763,.T.);
#1946=EDGE_CURVE('',#1587,#1588,#764,.T.);
#1947=EDGE_CURVE('',#1588,#1589,#765,.T.);
#1948=EDGE_CURVE('',#1589,#1590,#766,.T.);
#1949=EDGE_CURVE('',#1590,#1591,#767,.T.);
#1950=EDGE_CURVE('',#1591,#1592,#768,.T.);
#1951=EDGE_CURVE('',#1592,#1593,#769,.T.);
#1952=EDGE_CURVE('',#1593,#1594,#770,.T.);
#1953=EDGE_CURVE('',#1594,#1595,#771,.T.);
#1954=EDGE_CURVE('',#1595,#1596,#772,.T.);
#1955=EDGE_CURVE('',#1596,#1597,#773,.T.);
#1956=EDGE_CURVE('',#1597,#1598,#774,.T.);
#1957=EDGE_CURVE('',#1598,#1599,#775,.T.);
#1958=EDGE_CURVE('',#1599,#1600,#776,.T.);
#1959=EDGE_CURVE('',#1600,#1601,#777,.T.);
#1960=EDGE_CURVE('',#1601,#1602,#778,.T.);
#1961=EDGE_CURVE('',#1602,#1603,#779,.T.);
#1962=EDGE_CURVE('',#1603,#1604,#780,.T.);
#1963=EDGE_CURVE('',#1604,#1605,#781,.T.);
#1964=EDGE_CURVE('',#1605,#1606,#782,.T.);
#1965=EDGE_CURVE('',#1606,#1607,#783,.T.);
#1966=EDGE_CURVE('',#1607,#1608,#784,.T.);
#1967=EDGE_CURVE('',#1608,#1609,#785,.T.);
#1968=EDGE_CURVE('',#1609,#1610,#786,.T.);
#1969=EDGE_CURVE('',#1610,#1611,#787,.T.);
#1970=EDGE_CURVE('',#1611,#1612,#788,.T.);
#1971=EDGE_CURVE('',#1612,#1613,#789,.T.);
#1972=EDGE_CURVE('',#1613,#1614,#790,.T.);
#1973=EDGE_CURVE('',#1614,#1615,#791,.T.);
#1974=EDGE_CURVE('',#1615,#1616,#792,.T.);
#1975=EDGE_CURVE('',#1616,#1617,#793,.T.);
#1976=EDGE_CURVE('',#1617,#1618,#794,.T.);
#1977=EDGE_CURVE('',#1618,#1619,#795,.T.);
#1978=EDGE_CURVE('',#1619,#1620,#796,.T.);
#1979=EDGE_CURVE('',#1620,#1621,#797,.T.);
#1980=EDGE_CURVE('',#1621,#1622,#798,.T.);
#1981=EDGE_CURVE('',#1622,#1623,#799,.T.);
#1982=EDGE_CURVE('',#1623,#1624,#800,.T.);
#1983=EDGE_CURVE('',#1624,#1625,#801,.T.);
#1984=EDGE_CURVE('',#1625,#1626,#802,.T.);
#1985=EDGE_CURVE('',#1626,#1627,#803,.T.);
#1986=EDGE_CURVE('',#1627,#1628,#804,.T.);
#1987=EDGE_CURVE('',#1628,#1629,#805,.T.);
#1988=EDGE_CURVE('',#1629,#1630,#806,.T.);
#1989=EDGE_CURVE('',#1630,#1549,#807,.T.);
#1990=EDGE_CURVE('',#1631,#1632,#808,.T.);
#1991=EDGE_CURVE('',#1631,#1633,#809,.T.);
#1992=EDGE_CURVE('',#1632,#1633,#810,.T.);
#1993=EDGE_CURVE('',#1631,#1634,#811,.T.);
#1994=EDGE_CURVE('',#1634,#1635,#812,.T.);
#1995=EDGE_CURVE('',#1633,#1635,#813,.T.);
#1996=EDGE_CURVE('',#1635,#1636,#814,.T.);
#1997=EDGE_CURVE('',#1632,#1636,#815,.T.);
#1998=EDGE_CURVE('',#1637,#1638,#816,.T.);
#1999=EDGE_CURVE('',#1629,#1637,#817,.T.);
#2000=EDGE_CURVE('',#1638,#1628,#818,.T.);
#2001=EDGE_CURVE('',#1638,#1639,#819,.T.);
#2002=EDGE_CURVE('',#1639,#1627,#820,.T.);
#2003=EDGE_CURVE('',#1640,#1639,#821,.T.);
#2004=EDGE_CURVE('',#1640,#1626,#822,.T.);
#2005=EDGE_CURVE('',#1641,#1642,#823,.T.);
#2006=EDGE_CURVE('',#1625,#1641,#824,.T.);
#2007=EDGE_CURVE('',#1642,#1624,#825,.T.);
#2008=EDGE_CURVE('',#1642,#1643,#826,.T.);
#2009=EDGE_CURVE('',#1643,#1623,#827,.T.);
#2010=EDGE_CURVE('',#1644,#1643,#828,.T.);
#2011=EDGE_CURVE('',#1644,#1622,#829,.T.);
#2012=EDGE_CURVE('',#1645,#1646,#830,.T.);
#2013=EDGE_CURVE('',#1621,#1645,#831,.T.);
#2014=EDGE_CURVE('',#1646,#1620,#832,.T.);
#2015=EDGE_CURVE('',#1646,#1647,#833,.T.);
#2016=EDGE_CURVE('',#1647,#1619,#834,.T.);
#2017=EDGE_CURVE('',#1648,#1647,#835,.T.);
#2018=EDGE_CURVE('',#1648,#1618,#836,.T.);
#2019=EDGE_CURVE('',#1649,#1650,#837,.T.);
#2020=EDGE_CURVE('',#1617,#1649,#838,.T.);
#2021=EDGE_CURVE('',#1650,#1616,#839,.T.);
#2022=EDGE_CURVE('',#1650,#1651,#840,.T.);
#2023=EDGE_CURVE('',#1651,#1615,#841,.T.);
#2024=EDGE_CURVE('',#1652,#1651,#842,.T.);
#2025=EDGE_CURVE('',#1652,#1614,#843,.T.);
#2026=EDGE_CURVE('',#1653,#1654,#844,.T.);
#2027=EDGE_CURVE('',#1613,#1653,#845,.T.);
#2028=EDGE_CURVE('',#1654,#1612,#846,.T.);
#2029=EDGE_CURVE('',#1654,#1655,#847,.T.);
#2030=EDGE_CURVE('',#1655,#1611,#848,.T.);
#2031=EDGE_CURVE('',#1656,#1655,#849,.T.);
#2032=EDGE_CURVE('',#1656,#1610,#850,.T.);
#2033=EDGE_CURVE('',#1657,#1658,#851,.T.);
#2034=EDGE_CURVE('',#1609,#1657,#852,.T.);
#2035=EDGE_CURVE('',#1658,#1608,#853,.T.);
#2036=EDGE_CURVE('',#1658,#1659,#854,.T.);
#2037=EDGE_CURVE('',#1659,#1607,#855,.T.);
#2038=EDGE_CURVE('',#1660,#1659,#856,.T.);
#2039=EDGE_CURVE('',#1660,#1606,#857,.T.);
#2040=EDGE_CURVE('',#1661,#1662,#858,.T.);
#2041=EDGE_CURVE('',#1605,#1661,#859,.T.);
#2042=EDGE_CURVE('',#1662,#1604,#860,.T.);
#2043=EDGE_CURVE('',#1662,#1663,#861,.T.);
#2044=EDGE_CURVE('',#1663,#1603,#862,.T.);
#2045=EDGE_CURVE('',#1664,#1663,#863,.T.);
#2046=EDGE_CURVE('',#1664,#1602,#864,.T.);
#2047=EDGE_CURVE('',#1665,#1666,#865,.T.);
#2048=EDGE_CURVE('',#1601,#1665,#866,.T.);
#2049=EDGE_CURVE('',#1666,#1600,#867,.T.);
#2050=EDGE_CURVE('',#1666,#1667,#868,.T.);
#2051=EDGE_CURVE('',#1667,#1599,#869,.T.);
#2052=EDGE_CURVE('',#1668,#1667,#870,.T.);
#2053=EDGE_CURVE('',#1668,#1598,#871,.T.);
#2054=EDGE_CURVE('',#1669,#1670,#872,.T.);
#2055=EDGE_CURVE('',#1597,#1669,#873,.T.);
#2056=EDGE_CURVE('',#1670,#1596,#874,.T.);
#2057=EDGE_CURVE('',#1670,#1671,#875,.T.);
#2058=EDGE_CURVE('',#1671,#1595,#876,.T.);
#2059=EDGE_CURVE('',#1672,#1671,#877,.T.);
#2060=EDGE_CURVE('',#1672,#1594,#878,.T.);
#2061=EDGE_CURVE('',#1673,#1674,#879,.T.);
#2062=EDGE_CURVE('',#1593,#1673,#880,.T.);
#2063=EDGE_CURVE('',#1674,#1592,#881,.T.);
#2064=EDGE_CURVE('',#1674,#1675,#882,.T.);
#2065=EDGE_CURVE('',#1675,#1591,#883,.T.);
#2066=EDGE_CURVE('',#1676,#1675,#884,.T.);
#2067=EDGE_CURVE('',#1676,#1590,#885,.T.);
#2068=EDGE_CURVE('',#1677,#1678,#886,.T.);
#2069=EDGE_CURVE('',#1589,#1677,#887,.T.);
#2070=EDGE_CURVE('',#1678,#1588,#888,.T.);
#2071=EDGE_CURVE('',#1678,#1679,#889,.T.);
#2072=EDGE_CURVE('',#1679,#1587,#890,.T.);
#2073=EDGE_CURVE('',#1680,#1679,#891,.T.);
#2074=EDGE_CURVE('',#1680,#1586,#892,.T.);
#2075=EDGE_CURVE('',#1681,#1682,#893,.T.);
#2076=EDGE_CURVE('',#1585,#1681,#894,.T.);
#2077=EDGE_CURVE('',#1682,#1584,#895,.T.);
#2078=EDGE_CURVE('',#1682,#1683,#896,.T.);
#2079=EDGE_CURVE('',#1683,#1583,#897,.T.);
#2080=EDGE_CURVE('',#1684,#1683,#898,.T.);
#2081=EDGE_CURVE('',#1684,#1582,#899,.T.);
#2082=EDGE_CURVE('',#1685,#1686,#900,.T.);
#2083=EDGE_CURVE('',#1581,#1685,#901,.T.);
#2084=EDGE_CURVE('',#1686,#1580,#902,.T.);
#2085=EDGE_CURVE('',#1686,#1687,#903,.T.);
#2086=EDGE_CURVE('',#1687,#1579,#904,.T.);
#2087=EDGE_CURVE('',#1688,#1687,#905,.T.);
#2088=EDGE_CURVE('',#1688,#1578,#906,.T.);
#2089=EDGE_CURVE('',#1689,#1690,#907,.T.);
#2090=EDGE_CURVE('',#1577,#1689,#908,.T.);
#2091=EDGE_CURVE('',#1690,#1576,#909,.T.);
#2092=EDGE_CURVE('',#1690,#1691,#910,.T.);
#2093=EDGE_CURVE('',#1691,#1575,#911,.T.);
#2094=EDGE_CURVE('',#1692,#1691,#912,.T.);
#2095=EDGE_CURVE('',#1692,#1574,#913,.T.);
#2096=EDGE_CURVE('',#1693,#1694,#914,.T.);
#2097=EDGE_CURVE('',#1573,#1693,#915,.T.);
#2098=EDGE_CURVE('',#1694,#1572,#916,.T.);
#2099=EDGE_CURVE('',#1694,#1695,#917,.T.);
#2100=EDGE_CURVE('',#1695,#1571,#918,.T.);
#2101=EDGE_CURVE('',#1696,#1695,#919,.T.);
#2102=EDGE_CURVE('',#1696,#1570,#920,.T.);
#2103=EDGE_CURVE('',#1697,#1698,#921,.T.);
#2104=EDGE_CURVE('',#1569,#1697,#922,.T.);
#2105=EDGE_CURVE('',#1698,#1568,#923,.T.);
#2106=EDGE_CURVE('',#1698,#1699,#924,.T.);
#2107=EDGE_CURVE('',#1699,#1567,#925,.T.);
#2108=EDGE_CURVE('',#1700,#1699,#926,.T.);
#2109=EDGE_CURVE('',#1700,#1566,#927,.T.);
#2110=EDGE_CURVE('',#1701,#1702,#928,.T.);
#2111=EDGE_CURVE('',#1565,#1701,#929,.T.);
#2112=EDGE_CURVE('',#1702,#1564,#930,.T.);
#2113=EDGE_CURVE('',#1702,#1703,#931,.T.);
#2114=EDGE_CURVE('',#1703,#1563,#932,.T.);
#2115=EDGE_CURVE('',#1704,#1703,#933,.T.);
#2116=EDGE_CURVE('',#1704,#1562,#934,.T.);
#2117=EDGE_CURVE('',#1705,#1706,#935,.T.);
#2118=EDGE_CURVE('',#1561,#1705,#936,.T.);
#2119=EDGE_CURVE('',#1706,#1560,#937,.T.);
#2120=EDGE_CURVE('',#1706,#1707,#938,.T.);
#2121=EDGE_CURVE('',#1707,#1559,#939,.T.);
#2122=EDGE_CURVE('',#1708,#1707,#940,.T.);
#2123=EDGE_CURVE('',#1708,#1558,#941,.T.);
#2124=EDGE_CURVE('',#1709,#1710,#942,.T.);
#2125=EDGE_CURVE('',#1557,#1709,#943,.T.);
#2126=EDGE_CURVE('',#1710,#1556,#944,.T.);
#2127=EDGE_CURVE('',#1710,#1711,#945,.T.);
#2128=EDGE_CURVE('',#1711,#1555,#946,.T.);
#2129=EDGE_CURVE('',#1712,#1711,#947,.T.);
#2130=EDGE_CURVE('',#1712,#1554,#948,.T.);
#2131=EDGE_CURVE('',#1553,#1713,#949,.T.);
#2132=EDGE_CURVE('',#1713,#1712,#950,.T.);
#2133=EDGE_CURVE('',#1709,#1708,#951,.T.);
#2134=EDGE_CURVE('',#1705,#1704,#952,.T.);
#2135=EDGE_CURVE('',#1701,#1700,#953,.T.);
#2136=EDGE_CURVE('',#1697,#1696,#954,.T.);
#2137=EDGE_CURVE('',#1693,#1692,#955,.T.);
#2138=EDGE_CURVE('',#1689,#1688,#956,.T.);
#2139=EDGE_CURVE('',#1685,#1684,#957,.T.);
#2140=EDGE_CURVE('',#1681,#1680,#958,.T.);
#2141=EDGE_CURVE('',#1677,#1676,#959,.T.);
#2142=EDGE_CURVE('',#1673,#1672,#960,.T.);
#2143=EDGE_CURVE('',#1669,#1668,#961,.T.);
#2144=EDGE_CURVE('',#1665,#1664,#962,.T.);
#2145=EDGE_CURVE('',#1661,#1660,#963,.T.);
#2146=EDGE_CURVE('',#1657,#1656,#964,.T.);
#2147=EDGE_CURVE('',#1653,#1652,#965,.T.);
#2148=EDGE_CURVE('',#1649,#1648,#966,.T.);
#2149=EDGE_CURVE('',#1645,#1644,#967,.T.);
#2150=EDGE_CURVE('',#1641,#1640,#968,.T.);
#2151=EDGE_CURVE('',#1637,#1714,#969,.T.);
#2152=EDGE_CURVE('',#1714,#1630,#970,.T.);
#2153=EDGE_CURVE('',#1713,#1715,#971,.T.);
#2154=EDGE_CURVE('',#1715,#1552,#972,.T.);
#2155=EDGE_CURVE('',#1715,#1716,#973,.T.);
#2156=EDGE_CURVE('',#1716,#1551,#974,.T.);
#2157=EDGE_CURVE('',#1717,#1716,#975,.T.);
#2158=EDGE_CURVE('',#1717,#1550,#976,.T.);
#2159=EDGE_CURVE('',#1631,#1544,#977,.T.);
#2160=EDGE_CURVE('',#1632,#1717,#978,.T.);
#2161=EDGE_CURVE('',#1634,#1547,#979,.T.);
#2162=EDGE_CURVE('',#1714,#1636,#980,.T.);
#2163=ORIENTED_EDGE('',*,*,#1718,.F.);
#2164=ORIENTED_EDGE('',*,*,#1719,.T.);
#2165=ORIENTED_EDGE('',*,*,#1720,.T.);
#2166=ORIENTED_EDGE('',*,*,#1719,.F.);
#2167=ORIENTED_EDGE('',*,*,#1720,.F.);
#2168=ORIENTED_EDGE('',*,*,#1721,.F.);
#2169=ORIENTED_EDGE('',*,*,#1722,.T.);
#2170=ORIENTED_EDGE('',*,*,#1723,.T.);
#2171=ORIENTED_EDGE('',*,*,#1722,.F.);
#2172=ORIENTED_EDGE('',*,*,#1723,.F.);
#2173=ORIENTED_EDGE('',*,*,#1724,.F.);
#2174=ORIENTED_EDGE('',*,*,#1725,.T.);
#2175=ORIENTED_EDGE('',*,*,#1726,.T.);
#2176=ORIENTED_EDGE('',*,*,#1725,.F.);
#2177=ORIENTED_EDGE('',*,*,#1726,.F.);
#2178=ORIENTED_EDGE('',*,*,#1727,.F.);
#2179=ORIENTED_EDGE('',*,*,#1728,.T.);
#2180=ORIENTED_EDGE('',*,*,#1729,.T.);
#2181=ORIENTED_EDGE('',*,*,#1728,.F.);
#2182=ORIENTED_EDGE('',*,*,#1729,.F.);
#2183=ORIENTED_EDGE('',*,*,#1730,.F.);
#2184=ORIENTED_EDGE('',*,*,#1731,.T.);
#2185=ORIENTED_EDGE('',*,*,#1732,.T.);
#2186=ORIENTED_EDGE('',*,*,#1731,.F.);
#2187=ORIENTED_EDGE('',*,*,#1732,.F.);
#2188=ORIENTED_EDGE('',*,*,#1733,.F.);
#2189=ORIENTED_EDGE('',*,*,#1734,.T.);
#2190=ORIENTED_EDGE('',*,*,#1735,.T.);
#2191=ORIENTED_EDGE('',*,*,#1734,.F.);
#2192=ORIENTED_EDGE('',*,*,#1735,.F.);
#2193=ORIENTED_EDGE('',*,*,#1736,.F.);
#2194=ORIENTED_EDGE('',*,*,#1737,.T.);
#2195=ORIENTED_EDGE('',*,*,#1738,.T.);
#2196=ORIENTED_EDGE('',*,*,#1737,.F.);
#2197=ORIENTED_EDGE('',*,*,#1738,.F.);
#2198=ORIENTED_EDGE('',*,*,#1739,.F.);
#2199=ORIENTED_EDGE('',*,*,#1740,.T.);
#2200=ORIENTED_EDGE('',*,*,#1741,.T.);
#2201=ORIENTED_EDGE('',*,*,#1740,.F.);
#2202=ORIENTED_EDGE('',*,*,#1741,.F.);
#2203=ORIENTED_EDGE('',*,*,#1742,.F.);
#2204=ORIENTED_EDGE('',*,*,#1743,.T.);
#2205=ORIENTED_EDGE('',*,*,#1744,.T.);
#2206=ORIENTED_EDGE('',*,*,#1743,.F.);
#2207=ORIENTED_EDGE('',*,*,#1744,.F.);
#2208=ORIENTED_EDGE('',*,*,#1745,.F.);
#2209=ORIENTED_EDGE('',*,*,#1746,.T.);
#2210=ORIENTED_EDGE('',*,*,#1747,.T.);
#2211=ORIENTED_EDGE('',*,*,#1746,.F.);
#2212=ORIENTED_EDGE('',*,*,#1747,.F.);
#2213=ORIENTED_EDGE('',*,*,#1748,.F.);
#2214=ORIENTED_EDGE('',*,*,#1749,.T.);
#2215=ORIENTED_EDGE('',*,*,#1750,.T.);
#2216=ORIENTED_EDGE('',*,*,#1749,.F.);
#2217=ORIENTED_EDGE('',*,*,#1750,.F.);
#2218=ORIENTED_EDGE('',*,*,#1751,.F.);
#2219=ORIENTED_EDGE('',*,*,#1752,.T.);
#2220=ORIENTED_EDGE('',*,*,#1753,.T.);
#2221=ORIENTED_EDGE('',*,*,#1752,.F.);
#2222=ORIENTED_EDGE('',*,*,#1753,.F.);
#2223=ORIENTED_EDGE('',*,*,#1754,.F.);
#2224=ORIENTED_EDGE('',*,*,#1755,.T.);
#2225=ORIENTED_EDGE('',*,*,#1756,.T.);
#2226=ORIENTED_EDGE('',*,*,#1755,.F.);
#2227=ORIENTED_EDGE('',*,*,#1756,.F.);
#2228=ORIENTED_EDGE('',*,*,#1757,.F.);
#2229=ORIENTED_EDGE('',*,*,#1758,.T.);
#2230=ORIENTED_EDGE('',*,*,#1759,.T.);
#2231=ORIENTED_EDGE('',*,*,#1758,.F.);
#2232=ORIENTED_EDGE('',*,*,#1759,.F.);
#2233=ORIENTED_EDGE('',*,*,#1760,.F.);
#2234=ORIENTED_EDGE('',*,*,#1761,.T.);
#2235=ORIENTED_EDGE('',*,*,#1762,.T.);
#2236=ORIENTED_EDGE('',*,*,#1761,.F.);
#2237=ORIENTED_EDGE('',*,*,#1762,.F.);
#2238=ORIENTED_EDGE('',*,*,#1763,.F.);
#2239=ORIENTED_EDGE('',*,*,#1764,.T.);
#2240=ORIENTED_EDGE('',*,*,#1765,.T.);
#2241=ORIENTED_EDGE('',*,*,#1764,.F.);
#2242=ORIENTED_EDGE('',*,*,#1765,.F.);
#2243=ORIENTED_EDGE('',*,*,#1766,.F.);
#2244=ORIENTED_EDGE('',*,*,#1767,.T.);
#2245=ORIENTED_EDGE('',*,*,#1768,.T.);
#2246=ORIENTED_EDGE('',*,*,#1767,.F.);
#2247=ORIENTED_EDGE('',*,*,#1768,.F.);
#2248=ORIENTED_EDGE('',*,*,#1769,.F.);
#2249=ORIENTED_EDGE('',*,*,#1770,.T.);
#2250=ORIENTED_EDGE('',*,*,#1771,.T.);
#2251=ORIENTED_EDGE('',*,*,#1770,.F.);
#2252=ORIENTED_EDGE('',*,*,#1771,.F.);
#2253=ORIENTED_EDGE('',*,*,#1772,.F.);
#2254=ORIENTED_EDGE('',*,*,#1773,.T.);
#2255=ORIENTED_EDGE('',*,*,#1774,.T.);
#2256=ORIENTED_EDGE('',*,*,#1773,.F.);
#2257=ORIENTED_EDGE('',*,*,#1774,.F.);
#2258=ORIENTED_EDGE('',*,*,#1775,.F.);
#2259=ORIENTED_EDGE('',*,*,#1776,.T.);
#2260=ORIENTED_EDGE('',*,*,#1777,.T.);
#2261=ORIENTED_EDGE('',*,*,#1776,.F.);
#2262=ORIENTED_EDGE('',*,*,#1777,.F.);
#2263=ORIENTED_EDGE('',*,*,#1778,.F.);
#2264=ORIENTED_EDGE('',*,*,#1779,.T.);
#2265=ORIENTED_EDGE('',*,*,#1780,.T.);
#2266=ORIENTED_EDGE('',*,*,#1779,.F.);
#2267=ORIENTED_EDGE('',*,*,#1780,.F.);
#2268=ORIENTED_EDGE('',*,*,#1781,.F.);
#2269=ORIENTED_EDGE('',*,*,#1782,.T.);
#2270=ORIENTED_EDGE('',*,*,#1783,.T.);
#2271=ORIENTED_EDGE('',*,*,#1782,.F.);
#2272=ORIENTED_EDGE('',*,*,#1783,.F.);
#2273=ORIENTED_EDGE('',*,*,#1784,.F.);
#2274=ORIENTED_EDGE('',*,*,#1785,.T.);
#2275=ORIENTED_EDGE('',*,*,#1786,.T.);
#2276=ORIENTED_EDGE('',*,*,#1785,.F.);
#2277=ORIENTED_EDGE('',*,*,#1786,.F.);
#2278=ORIENTED_EDGE('',*,*,#1787,.F.);
#2279=ORIENTED_EDGE('',*,*,#1788,.T.);
#2280=ORIENTED_EDGE('',*,*,#1789,.F.);
#2281=ORIENTED_EDGE('',*,*,#1788,.F.);
#2282=ORIENTED_EDGE('',*,*,#1787,.T.);
#2283=ORIENTED_EDGE('',*,*,#1781,.T.);
#2284=ORIENTED_EDGE('',*,*,#1790,.F.);
#2285=ORIENTED_EDGE('',*,*,#1791,.T.);
#2286=ORIENTED_EDGE('',*,*,#1792,.F.);
#2287=ORIENTED_EDGE('',*,*,#1791,.F.);
#2288=ORIENTED_EDGE('',*,*,#1790,.T.);
#2289=ORIENTED_EDGE('',*,*,#1772,.T.);
#2290=ORIENTED_EDGE('',*,*,#1793,.F.);
#2291=ORIENTED_EDGE('',*,*,#1794,.T.);
#2292=ORIENTED_EDGE('',*,*,#1795,.F.);
#2293=ORIENTED_EDGE('',*,*,#1794,.F.);
#2294=ORIENTED_EDGE('',*,*,#1793,.T.);
#2295=ORIENTED_EDGE('',*,*,#1760,.T.);
#2296=ORIENTED_EDGE('',*,*,#1796,.F.);
#2297=ORIENTED_EDGE('',*,*,#1797,.T.);
#2298=ORIENTED_EDGE('',*,*,#1798,.F.);
#2299=ORIENTED_EDGE('',*,*,#1797,.F.);
#2300=ORIENTED_EDGE('',*,*,#1796,.T.);
#2301=ORIENTED_EDGE('',*,*,#1778,.T.);
#2302=ORIENTED_EDGE('',*,*,#1799,.F.);
#2303=ORIENTED_EDGE('',*,*,#1800,.T.);
#2304=ORIENTED_EDGE('',*,*,#1801,.F.);
#2305=ORIENTED_EDGE('',*,*,#1800,.F.);
#2306=ORIENTED_EDGE('',*,*,#1799,.T.);
#2307=ORIENTED_EDGE('',*,*,#1763,.T.);
#2308=ORIENTED_EDGE('',*,*,#1802,.F.);
#2309=ORIENTED_EDGE('',*,*,#1803,.T.);
#2310=ORIENTED_EDGE('',*,*,#1804,.F.);
#2311=ORIENTED_EDGE('',*,*,#1803,.F.);
#2312=ORIENTED_EDGE('',*,*,#1802,.T.);
#2313=ORIENTED_EDGE('',*,*,#1805,.F.);
#2314=ORIENTED_EDGE('',*,*,#1806,.T.);
#2315=ORIENTED_EDGE('',*,*,#1807,.F.);
#2316=ORIENTED_EDGE('',*,*,#1806,.F.);
#2317=ORIENTED_EDGE('',*,*,#1805,.T.);
#2318=ORIENTED_EDGE('',*,*,#1784,.T.);
#2319=ORIENTED_EDGE('',*,*,#1808,.F.);
#2320=ORIENTED_EDGE('',*,*,#1809,.T.);
#2321=ORIENTED_EDGE('',*,*,#1810,.F.);
#2322=ORIENTED_EDGE('',*,*,#1809,.F.);
#2323=ORIENTED_EDGE('',*,*,#1808,.T.);
#2324=ORIENTED_EDGE('',*,*,#1769,.T.);
#2325=ORIENTED_EDGE('',*,*,#1811,.F.);
#2326=ORIENTED_EDGE('',*,*,#1812,.T.);
#2327=ORIENTED_EDGE('',*,*,#1813,.F.);
#2328=ORIENTED_EDGE('',*,*,#1812,.F.);
#2329=ORIENTED_EDGE('',*,*,#1811,.T.);
#2330=ORIENTED_EDGE('',*,*,#1757,.T.);
#2331=ORIENTED_EDGE('',*,*,#1814,.F.);
#2332=ORIENTED_EDGE('',*,*,#1815,.T.);
#2333=ORIENTED_EDGE('',*,*,#1816,.F.);
#2334=ORIENTED_EDGE('',*,*,#1815,.F.);
#2335=ORIENTED_EDGE('',*,*,#1814,.T.);
#2336=ORIENTED_EDGE('',*,*,#1775,.T.);
#2337=ORIENTED_EDGE('',*,*,#1817,.F.);
#2338=ORIENTED_EDGE('',*,*,#1818,.T.);
#2339=ORIENTED_EDGE('',*,*,#1819,.F.);
#2340=ORIENTED_EDGE('',*,*,#1818,.F.);
#2341=ORIENTED_EDGE('',*,*,#1817,.T.);
#2342=ORIENTED_EDGE('',*,*,#1766,.T.);
#2343=ORIENTED_EDGE('',*,*,#1820,.F.);
#2344=ORIENTED_EDGE('',*,*,#1821,.T.);
#2345=ORIENTED_EDGE('',*,*,#1822,.F.);
#2346=ORIENTED_EDGE('',*,*,#1821,.F.);
#2347=ORIENTED_EDGE('',*,*,#1820,.T.);
#2348=ORIENTED_EDGE('',*,*,#1823,.F.);
#2349=ORIENTED_EDGE('',*,*,#1824,.T.);
#2350=ORIENTED_EDGE('',*,*,#1825,.F.);
#2351=ORIENTED_EDGE('',*,*,#1824,.F.);
#2352=ORIENTED_EDGE('',*,*,#1823,.T.);
#2353=ORIENTED_EDGE('',*,*,#1826,.T.);
#2354=ORIENTED_EDGE('',*,*,#1827,.F.);
#2355=ORIENTED_EDGE('',*,*,#1828,.T.);
#2356=ORIENTED_EDGE('',*,*,#1829,.F.);
#2357=ORIENTED_EDGE('',*,*,#1830,.F.);
#2358=ORIENTED_EDGE('',*,*,#1831,.T.);
#2359=ORIENTED_EDGE('',*,*,#1832,.F.);
#2360=ORIENTED_EDGE('',*,*,#1833,.F.);
#2361=ORIENTED_EDGE('',*,*,#1834,.F.);
#2362=ORIENTED_EDGE('',*,*,#1835,.F.);
#2363=ORIENTED_EDGE('',*,*,#1836,.T.);
#2364=ORIENTED_EDGE('',*,*,#1837,.F.);
#2365=ORIENTED_EDGE('',*,*,#1838,.T.);
#2366=ORIENTED_EDGE('',*,*,#1839,.T.);
#2367=ORIENTED_EDGE('',*,*,#1832,.T.);
#2368=ORIENTED_EDGE('',*,*,#1836,.F.);
#2369=ORIENTED_EDGE('',*,*,#1831,.F.);
#2370=ORIENTED_EDGE('',*,*,#1840,.F.);
#2371=ORIENTED_EDGE('',*,*,#1841,.F.);
#2372=ORIENTED_EDGE('',*,*,#1842,.F.);
#2373=ORIENTED_EDGE('',*,*,#1843,.F.);
#2374=ORIENTED_EDGE('',*,*,#1844,.F.);
#2375=ORIENTED_EDGE('',*,*,#1826,.F.);
#2376=ORIENTED_EDGE('',*,*,#1840,.T.);
#2377=ORIENTED_EDGE('',*,*,#1835,.T.);
#2378=ORIENTED_EDGE('',*,*,#1845,.T.);
#2379=ORIENTED_EDGE('',*,*,#1846,.T.);
#2380=ORIENTED_EDGE('',*,*,#1847,.T.);
#2381=ORIENTED_EDGE('',*,*,#1827,.T.);
#2382=ORIENTED_EDGE('',*,*,#1844,.T.);
#2383=ORIENTED_EDGE('',*,*,#1848,.T.);
#2384=ORIENTED_EDGE('',*,*,#1849,.F.);
#2385=ORIENTED_EDGE('',*,*,#1850,.T.);
#2386=ORIENTED_EDGE('',*,*,#1851,.F.);
#2387=ORIENTED_EDGE('',*,*,#1852,.T.);
#2388=ORIENTED_EDGE('',*,*,#1853,.F.);
#2389=ORIENTED_EDGE('',*,*,#1854,.T.);
#2390=ORIENTED_EDGE('',*,*,#1855,.F.);
#2391=ORIENTED_EDGE('',*,*,#1856,.T.);
#2392=ORIENTED_EDGE('',*,*,#1754,.T.);
#2393=ORIENTED_EDGE('',*,*,#1751,.T.);
#2394=ORIENTED_EDGE('',*,*,#1748,.T.);
#2395=ORIENTED_EDGE('',*,*,#1745,.T.);
#2396=ORIENTED_EDGE('',*,*,#1742,.T.);
#2397=ORIENTED_EDGE('',*,*,#1739,.T.);
#2398=ORIENTED_EDGE('',*,*,#1736,.T.);
#2399=ORIENTED_EDGE('',*,*,#1733,.T.);
#2400=ORIENTED_EDGE('',*,*,#1730,.T.);
#2401=ORIENTED_EDGE('',*,*,#1727,.T.);
#2402=ORIENTED_EDGE('',*,*,#1724,.T.);
#2403=ORIENTED_EDGE('',*,*,#1721,.T.);
#2404=ORIENTED_EDGE('',*,*,#1718,.T.);
#2405=ORIENTED_EDGE('',*,*,#1847,.F.);
#2406=ORIENTED_EDGE('',*,*,#1857,.F.);
#2407=ORIENTED_EDGE('',*,*,#1858,.F.);
#2408=ORIENTED_EDGE('',*,*,#1828,.F.);
#2409=ORIENTED_EDGE('',*,*,#1846,.F.);
#2410=ORIENTED_EDGE('',*,*,#1859,.F.);
#2411=ORIENTED_EDGE('',*,*,#1860,.F.);
#2412=ORIENTED_EDGE('',*,*,#1857,.T.);
#2413=ORIENTED_EDGE('',*,*,#1845,.F.);
#2414=ORIENTED_EDGE('',*,*,#1834,.T.);
#2415=ORIENTED_EDGE('',*,*,#1861,.F.);
#2416=ORIENTED_EDGE('',*,*,#1859,.T.);
#2417=ORIENTED_EDGE('',*,*,#1862,.F.);
#2418=ORIENTED_EDGE('',*,*,#1863,.T.);
#2419=ORIENTED_EDGE('',*,*,#1864,.T.);
#2420=ORIENTED_EDGE('',*,*,#1838,.F.);
#2421=ORIENTED_EDGE('',*,*,#1842,.T.);
#2422=ORIENTED_EDGE('',*,*,#1830,.T.);
#2423=ORIENTED_EDGE('',*,*,#1865,.T.);
#2424=ORIENTED_EDGE('',*,*,#1863,.F.);
#2425=ORIENTED_EDGE('',*,*,#1866,.F.);
#2426=ORIENTED_EDGE('',*,*,#1867,.T.);
#2427=ORIENTED_EDGE('',*,*,#1839,.F.);
#2428=ORIENTED_EDGE('',*,*,#1864,.F.);
#2429=ORIENTED_EDGE('',*,*,#1865,.F.);
#2430=ORIENTED_EDGE('',*,*,#1868,.T.);
#2431=ORIENTED_EDGE('',*,*,#1869,.T.);
#2432=ORIENTED_EDGE('',*,*,#1870,.T.);
#2433=ORIENTED_EDGE('',*,*,#1871,.T.);
#2434=ORIENTED_EDGE('',*,*,#1868,.F.);
#2435=ORIENTED_EDGE('',*,*,#1872,.T.);
#2436=ORIENTED_EDGE('',*,*,#1873,.T.);
#2437=ORIENTED_EDGE('',*,*,#1874,.T.);
#2438=ORIENTED_EDGE('',*,*,#1875,.T.);
#2439=ORIENTED_EDGE('',*,*,#1876,.T.);
#2440=ORIENTED_EDGE('',*,*,#1873,.F.);
#2441=ORIENTED_EDGE('',*,*,#1877,.T.);
#2442=ORIENTED_EDGE('',*,*,#1875,.F.);
#2443=ORIENTED_EDGE('',*,*,#1878,.T.);
#2444=ORIENTED_EDGE('',*,*,#1879,.T.);
#2445=ORIENTED_EDGE('',*,*,#1880,.T.);
#2446=ORIENTED_EDGE('',*,*,#1881,.T.);
#2447=ORIENTED_EDGE('',*,*,#1882,.T.);
#2448=ORIENTED_EDGE('',*,*,#1879,.F.);
#2449=ORIENTED_EDGE('',*,*,#1883,.T.);
#2450=ORIENTED_EDGE('',*,*,#1881,.F.);
#2451=ORIENTED_EDGE('',*,*,#1884,.T.);
#2452=ORIENTED_EDGE('',*,*,#1885,.T.);
#2453=ORIENTED_EDGE('',*,*,#1886,.T.);
#2454=ORIENTED_EDGE('',*,*,#1887,.T.);
#2455=ORIENTED_EDGE('',*,*,#1888,.T.);
#2456=ORIENTED_EDGE('',*,*,#1885,.F.);
#2457=ORIENTED_EDGE('',*,*,#1889,.T.);
#2458=ORIENTED_EDGE('',*,*,#1887,.F.);
#2459=ORIENTED_EDGE('',*,*,#1890,.T.);
#2460=ORIENTED_EDGE('',*,*,#1870,.F.);
#2461=ORIENTED_EDGE('',*,*,#1891,.T.);
#2462=ORIENTED_EDGE('',*,*,#1878,.F.);
#2463=ORIENTED_EDGE('',*,*,#1892,.T.);
#2464=ORIENTED_EDGE('',*,*,#1851,.T.);
#2465=ORIENTED_EDGE('',*,*,#1893,.T.);
#2466=ORIENTED_EDGE('',*,*,#1877,.F.);
#2467=ORIENTED_EDGE('',*,*,#1894,.F.);
#2468=ORIENTED_EDGE('',*,*,#1852,.F.);
#2469=ORIENTED_EDGE('',*,*,#1892,.F.);
#2470=ORIENTED_EDGE('',*,*,#1872,.F.);
#2471=ORIENTED_EDGE('',*,*,#1895,.T.);
#2472=ORIENTED_EDGE('',*,*,#1853,.T.);
#2473=ORIENTED_EDGE('',*,*,#1894,.T.);
#2474=ORIENTED_EDGE('',*,*,#1871,.F.);
#2475=ORIENTED_EDGE('',*,*,#1896,.F.);
#2476=ORIENTED_EDGE('',*,*,#1854,.F.);
#2477=ORIENTED_EDGE('',*,*,#1895,.F.);
#2478=ORIENTED_EDGE('',*,*,#1869,.F.);
#2479=ORIENTED_EDGE('',*,*,#1874,.F.);
#2480=ORIENTED_EDGE('',*,*,#1876,.F.);
#2481=ORIENTED_EDGE('',*,*,#1880,.F.);
#2482=ORIENTED_EDGE('',*,*,#1882,.F.);
#2483=ORIENTED_EDGE('',*,*,#1886,.F.);
#2484=ORIENTED_EDGE('',*,*,#1888,.F.);
#2485=ORIENTED_EDGE('',*,*,#1891,.F.);
#2486=ORIENTED_EDGE('',*,*,#1883,.F.);
#2487=ORIENTED_EDGE('',*,*,#1893,.F.);
#2488=ORIENTED_EDGE('',*,*,#1850,.F.);
#2489=ORIENTED_EDGE('',*,*,#1897,.F.);
#2490=ORIENTED_EDGE('',*,*,#1884,.F.);
#2491=ORIENTED_EDGE('',*,*,#1897,.T.);
#2492=ORIENTED_EDGE('',*,*,#1849,.T.);
#2493=ORIENTED_EDGE('',*,*,#1898,.T.);
#2494=ORIENTED_EDGE('',*,*,#1841,.T.);
#2495=ORIENTED_EDGE('',*,*,#1856,.F.);
#2496=ORIENTED_EDGE('',*,*,#1899,.F.);
#2497=ORIENTED_EDGE('',*,*,#1889,.F.);
#2498=ORIENTED_EDGE('',*,*,#1898,.F.);
#2499=ORIENTED_EDGE('',*,*,#1848,.F.);
#2500=ORIENTED_EDGE('',*,*,#1843,.T.);
#2501=ORIENTED_EDGE('',*,*,#1866,.T.);
#2502=ORIENTED_EDGE('',*,*,#1862,.T.);
#2503=ORIENTED_EDGE('',*,*,#1837,.T.);
#2504=ORIENTED_EDGE('',*,*,#1890,.F.);
#2505=ORIENTED_EDGE('',*,*,#1899,.T.);
#2506=ORIENTED_EDGE('',*,*,#1855,.T.);
#2507=ORIENTED_EDGE('',*,*,#1896,.T.);
#2508=ORIENTED_EDGE('',*,*,#1860,.T.);
#2509=ORIENTED_EDGE('',*,*,#1861,.T.);
#2510=ORIENTED_EDGE('',*,*,#1833,.T.);
#2511=ORIENTED_EDGE('',*,*,#1867,.F.);
#2512=ORIENTED_EDGE('',*,*,#1829,.T.);
#2513=ORIENTED_EDGE('',*,*,#1858,.T.);
#2514=ORIENTED_EDGE('',*,*,#1792,.T.);
#2515=ORIENTED_EDGE('',*,*,#1798,.T.);
#2516=ORIENTED_EDGE('',*,*,#1804,.T.);
#2517=ORIENTED_EDGE('',*,*,#1807,.T.);
#2518=ORIENTED_EDGE('',*,*,#1810,.T.);
#2519=ORIENTED_EDGE('',*,*,#1813,.T.);
#2520=ORIENTED_EDGE('',*,*,#1816,.T.);
#2521=ORIENTED_EDGE('',*,*,#1819,.T.);
#2522=ORIENTED_EDGE('',*,*,#1822,.T.);
#2523=ORIENTED_EDGE('',*,*,#1825,.T.);
#2524=ORIENTED_EDGE('',*,*,#1801,.T.);
#2525=ORIENTED_EDGE('',*,*,#1795,.T.);
#2526=ORIENTED_EDGE('',*,*,#1789,.T.);
#2527=ORIENTED_EDGE('',*,*,#1900,.T.);
#2528=ORIENTED_EDGE('',*,*,#1901,.F.);
#2529=ORIENTED_EDGE('',*,*,#1902,.F.);
#2530=ORIENTED_EDGE('',*,*,#1903,.F.);
#2531=ORIENTED_EDGE('',*,*,#1902,.T.);
#2532=ORIENTED_EDGE('',*,*,#1904,.F.);
#2533=ORIENTED_EDGE('',*,*,#1905,.F.);
#2534=ORIENTED_EDGE('',*,*,#1904,.T.);
#2535=ORIENTED_EDGE('',*,*,#1901,.T.);
#2536=ORIENTED_EDGE('',*,*,#1906,.F.);
#2537=ORIENTED_EDGE('',*,*,#1907,.T.);
#2538=ORIENTED_EDGE('',*,*,#1906,.T.);
#2539=ORIENTED_EDGE('',*,*,#1908,.T.);
#2540=ORIENTED_EDGE('',*,*,#1909,.T.);
#2541=ORIENTED_EDGE('',*,*,#1910,.T.);
#2542=ORIENTED_EDGE('',*,*,#1911,.T.);
#2543=ORIENTED_EDGE('',*,*,#1912,.T.);
#2544=ORIENTED_EDGE('',*,*,#1913,.T.);
#2545=ORIENTED_EDGE('',*,*,#1914,.T.);
#2546=ORIENTED_EDGE('',*,*,#1915,.T.);
#2547=ORIENTED_EDGE('',*,*,#1916,.T.);
#2548=ORIENTED_EDGE('',*,*,#1917,.T.);
#2549=ORIENTED_EDGE('',*,*,#1918,.T.);
#2550=ORIENTED_EDGE('',*,*,#1919,.T.);
#2551=ORIENTED_EDGE('',*,*,#1920,.T.);
#2552=ORIENTED_EDGE('',*,*,#1921,.T.);
#2553=ORIENTED_EDGE('',*,*,#1922,.T.);
#2554=ORIENTED_EDGE('',*,*,#1923,.T.);
#2555=ORIENTED_EDGE('',*,*,#1924,.T.);
#2556=ORIENTED_EDGE('',*,*,#1925,.T.);
#2557=ORIENTED_EDGE('',*,*,#1926,.T.);
#2558=ORIENTED_EDGE('',*,*,#1927,.T.);
#2559=ORIENTED_EDGE('',*,*,#1928,.T.);
#2560=ORIENTED_EDGE('',*,*,#1929,.T.);
#2561=ORIENTED_EDGE('',*,*,#1930,.T.);
#2562=ORIENTED_EDGE('',*,*,#1931,.T.);
#2563=ORIENTED_EDGE('',*,*,#1932,.T.);
#2564=ORIENTED_EDGE('',*,*,#1933,.T.);
#2565=ORIENTED_EDGE('',*,*,#1934,.T.);
#2566=ORIENTED_EDGE('',*,*,#1935,.T.);
#2567=ORIENTED_EDGE('',*,*,#1936,.T.);
#2568=ORIENTED_EDGE('',*,*,#1937,.T.);
#2569=ORIENTED_EDGE('',*,*,#1938,.T.);
#2570=ORIENTED_EDGE('',*,*,#1939,.T.);
#2571=ORIENTED_EDGE('',*,*,#1940,.T.);
#2572=ORIENTED_EDGE('',*,*,#1941,.T.);
#2573=ORIENTED_EDGE('',*,*,#1942,.T.);
#2574=ORIENTED_EDGE('',*,*,#1943,.T.);
#2575=ORIENTED_EDGE('',*,*,#1944,.T.);
#2576=ORIENTED_EDGE('',*,*,#1945,.T.);
#2577=ORIENTED_EDGE('',*,*,#1946,.T.);
#2578=ORIENTED_EDGE('',*,*,#1947,.T.);
#2579=ORIENTED_EDGE('',*,*,#1948,.T.);
#2580=ORIENTED_EDGE('',*,*,#1949,.T.);
#2581=ORIENTED_EDGE('',*,*,#1950,.T.);
#2582=ORIENTED_EDGE('',*,*,#1951,.T.);
#2583=ORIENTED_EDGE('',*,*,#1952,.T.);
#2584=ORIENTED_EDGE('',*,*,#1953,.T.);
#2585=ORIENTED_EDGE('',*,*,#1954,.T.);
#2586=ORIENTED_EDGE('',*,*,#1955,.T.);
#2587=ORIENTED_EDGE('',*,*,#1956,.T.);
#2588=ORIENTED_EDGE('',*,*,#1957,.T.);
#2589=ORIENTED_EDGE('',*,*,#1958,.T.);
#2590=ORIENTED_EDGE('',*,*,#1959,.T.);
#2591=ORIENTED_EDGE('',*,*,#1960,.T.);
#2592=ORIENTED_EDGE('',*,*,#1961,.T.);
#2593=ORIENTED_EDGE('',*,*,#1962,.T.);
#2594=ORIENTED_EDGE('',*,*,#1963,.T.);
#2595=ORIENTED_EDGE('',*,*,#1964,.T.);
#2596=ORIENTED_EDGE('',*,*,#1965,.T.);
#2597=ORIENTED_EDGE('',*,*,#1966,.T.);
#2598=ORIENTED_EDGE('',*,*,#1967,.T.);
#2599=ORIENTED_EDGE('',*,*,#1968,.T.);
#2600=ORIENTED_EDGE('',*,*,#1969,.T.);
#2601=ORIENTED_EDGE('',*,*,#1970,.T.);
#2602=ORIENTED_EDGE('',*,*,#1971,.T.);
#2603=ORIENTED_EDGE('',*,*,#1972,.T.);
#2604=ORIENTED_EDGE('',*,*,#1973,.T.);
#2605=ORIENTED_EDGE('',*,*,#1974,.T.);
#2606=ORIENTED_EDGE('',*,*,#1975,.T.);
#2607=ORIENTED_EDGE('',*,*,#1976,.T.);
#2608=ORIENTED_EDGE('',*,*,#1977,.T.);
#2609=ORIENTED_EDGE('',*,*,#1978,.T.);
#2610=ORIENTED_EDGE('',*,*,#1979,.T.);
#2611=ORIENTED_EDGE('',*,*,#1980,.T.);
#2612=ORIENTED_EDGE('',*,*,#1981,.T.);
#2613=ORIENTED_EDGE('',*,*,#1982,.T.);
#2614=ORIENTED_EDGE('',*,*,#1983,.T.);
#2615=ORIENTED_EDGE('',*,*,#1984,.T.);
#2616=ORIENTED_EDGE('',*,*,#1985,.T.);
#2617=ORIENTED_EDGE('',*,*,#1986,.T.);
#2618=ORIENTED_EDGE('',*,*,#1987,.T.);
#2619=ORIENTED_EDGE('',*,*,#1988,.T.);
#2620=ORIENTED_EDGE('',*,*,#1989,.T.);
#2621=ORIENTED_EDGE('',*,*,#1990,.F.);
#2622=ORIENTED_EDGE('',*,*,#1991,.T.);
#2623=ORIENTED_EDGE('',*,*,#1992,.F.);
#2624=ORIENTED_EDGE('',*,*,#1993,.T.);
#2625=ORIENTED_EDGE('',*,*,#1994,.T.);
#2626=ORIENTED_EDGE('',*,*,#1995,.F.);
#2627=ORIENTED_EDGE('',*,*,#1991,.F.);
#2628=ORIENTED_EDGE('',*,*,#1996,.T.);
#2629=ORIENTED_EDGE('',*,*,#1997,.F.);
#2630=ORIENTED_EDGE('',*,*,#1992,.T.);
#2631=ORIENTED_EDGE('',*,*,#1995,.T.);
#2632=ORIENTED_EDGE('',*,*,#1998,.F.);
#2633=ORIENTED_EDGE('',*,*,#1999,.F.);
#2634=ORIENTED_EDGE('',*,*,#1987,.F.);
#2635=ORIENTED_EDGE('',*,*,#2000,.F.);
#2636=ORIENTED_EDGE('',*,*,#2001,.F.);
#2637=ORIENTED_EDGE('',*,*,#2000,.T.);
#2638=ORIENTED_EDGE('',*,*,#1986,.F.);
#2639=ORIENTED_EDGE('',*,*,#2002,.F.);
#2640=ORIENTED_EDGE('',*,*,#2003,.T.);
#2641=ORIENTED_EDGE('',*,*,#2002,.T.);
#2642=ORIENTED_EDGE('',*,*,#1985,.F.);
#2643=ORIENTED_EDGE('',*,*,#2004,.F.);
#2644=ORIENTED_EDGE('',*,*,#2005,.F.);
#2645=ORIENTED_EDGE('',*,*,#2006,.F.);
#2646=ORIENTED_EDGE('',*,*,#1983,.F.);
#2647=ORIENTED_EDGE('',*,*,#2007,.F.);
#2648=ORIENTED_EDGE('',*,*,#2008,.F.);
#2649=ORIENTED_EDGE('',*,*,#2007,.T.);
#2650=ORIENTED_EDGE('',*,*,#1982,.F.);
#2651=ORIENTED_EDGE('',*,*,#2009,.F.);
#2652=ORIENTED_EDGE('',*,*,#2010,.T.);
#2653=ORIENTED_EDGE('',*,*,#2009,.T.);
#2654=ORIENTED_EDGE('',*,*,#1981,.F.);
#2655=ORIENTED_EDGE('',*,*,#2011,.F.);
#2656=ORIENTED_EDGE('',*,*,#2012,.F.);
#2657=ORIENTED_EDGE('',*,*,#2013,.F.);
#2658=ORIENTED_EDGE('',*,*,#1979,.F.);
#2659=ORIENTED_EDGE('',*,*,#2014,.F.);
#2660=ORIENTED_EDGE('',*,*,#2015,.F.);
#2661=ORIENTED_EDGE('',*,*,#2014,.T.);
#2662=ORIENTED_EDGE('',*,*,#1978,.F.);
#2663=ORIENTED_EDGE('',*,*,#2016,.F.);
#2664=ORIENTED_EDGE('',*,*,#2017,.T.);
#2665=ORIENTED_EDGE('',*,*,#2016,.T.);
#2666=ORIENTED_EDGE('',*,*,#1977,.F.);
#2667=ORIENTED_EDGE('',*,*,#2018,.F.);
#2668=ORIENTED_EDGE('',*,*,#2019,.F.);
#2669=ORIENTED_EDGE('',*,*,#2020,.F.);
#2670=ORIENTED_EDGE('',*,*,#1975,.F.);
#2671=ORIENTED_EDGE('',*,*,#2021,.F.);
#2672=ORIENTED_EDGE('',*,*,#2022,.F.);
#2673=ORIENTED_EDGE('',*,*,#2021,.T.);
#2674=ORIENTED_EDGE('',*,*,#1974,.F.);
#2675=ORIENTED_EDGE('',*,*,#2023,.F.);
#2676=ORIENTED_EDGE('',*,*,#2024,.T.);
#2677=ORIENTED_EDGE('',*,*,#2023,.T.);
#2678=ORIENTED_EDGE('',*,*,#1973,.F.);
#2679=ORIENTED_EDGE('',*,*,#2025,.F.);
#2680=ORIENTED_EDGE('',*,*,#2026,.F.);
#2681=ORIENTED_EDGE('',*,*,#2027,.F.);
#2682=ORIENTED_EDGE('',*,*,#1971,.F.);
#2683=ORIENTED_EDGE('',*,*,#2028,.F.);
#2684=ORIENTED_EDGE('',*,*,#2029,.F.);
#2685=ORIENTED_EDGE('',*,*,#2028,.T.);
#2686=ORIENTED_EDGE('',*,*,#1970,.F.);
#2687=ORIENTED_EDGE('',*,*,#2030,.F.);
#2688=ORIENTED_EDGE('',*,*,#2031,.T.);
#2689=ORIENTED_EDGE('',*,*,#2030,.T.);
#2690=ORIENTED_EDGE('',*,*,#1969,.F.);
#2691=ORIENTED_EDGE('',*,*,#2032,.F.);
#2692=ORIENTED_EDGE('',*,*,#2033,.F.);
#2693=ORIENTED_EDGE('',*,*,#2034,.F.);
#2694=ORIENTED_EDGE('',*,*,#1967,.F.);
#2695=ORIENTED_EDGE('',*,*,#2035,.F.);
#2696=ORIENTED_EDGE('',*,*,#2036,.F.);
#2697=ORIENTED_EDGE('',*,*,#2035,.T.);
#2698=ORIENTED_EDGE('',*,*,#1966,.F.);
#2699=ORIENTED_EDGE('',*,*,#2037,.F.);
#2700=ORIENTED_EDGE('',*,*,#2038,.T.);
#2701=ORIENTED_EDGE('',*,*,#2037,.T.);
#2702=ORIENTED_EDGE('',*,*,#1965,.F.);
#2703=ORIENTED_EDGE('',*,*,#2039,.F.);
#2704=ORIENTED_EDGE('',*,*,#2040,.F.);
#2705=ORIENTED_EDGE('',*,*,#2041,.F.);
#2706=ORIENTED_EDGE('',*,*,#1963,.F.);
#2707=ORIENTED_EDGE('',*,*,#2042,.F.);
#2708=ORIENTED_EDGE('',*,*,#2043,.F.);
#2709=ORIENTED_EDGE('',*,*,#2042,.T.);
#2710=ORIENTED_EDGE('',*,*,#1962,.F.);
#2711=ORIENTED_EDGE('',*,*,#2044,.F.);
#2712=ORIENTED_EDGE('',*,*,#2045,.T.);
#2713=ORIENTED_EDGE('',*,*,#2044,.T.);
#2714=ORIENTED_EDGE('',*,*,#1961,.F.);
#2715=ORIENTED_EDGE('',*,*,#2046,.F.);
#2716=ORIENTED_EDGE('',*,*,#2047,.F.);
#2717=ORIENTED_EDGE('',*,*,#2048,.F.);
#2718=ORIENTED_EDGE('',*,*,#1959,.F.);
#2719=ORIENTED_EDGE('',*,*,#2049,.F.);
#2720=ORIENTED_EDGE('',*,*,#2050,.F.);
#2721=ORIENTED_EDGE('',*,*,#2049,.T.);
#2722=ORIENTED_EDGE('',*,*,#1958,.F.);
#2723=ORIENTED_EDGE('',*,*,#2051,.F.);
#2724=ORIENTED_EDGE('',*,*,#2052,.T.);
#2725=ORIENTED_EDGE('',*,*,#2051,.T.);
#2726=ORIENTED_EDGE('',*,*,#1957,.F.);
#2727=ORIENTED_EDGE('',*,*,#2053,.F.);
#2728=ORIENTED_EDGE('',*,*,#2054,.F.);
#2729=ORIENTED_EDGE('',*,*,#2055,.F.);
#2730=ORIENTED_EDGE('',*,*,#1955,.F.);
#2731=ORIENTED_EDGE('',*,*,#2056,.F.);
#2732=ORIENTED_EDGE('',*,*,#2057,.F.);
#2733=ORIENTED_EDGE('',*,*,#2056,.T.);
#2734=ORIENTED_EDGE('',*,*,#1954,.F.);
#2735=ORIENTED_EDGE('',*,*,#2058,.F.);
#2736=ORIENTED_EDGE('',*,*,#2059,.T.);
#2737=ORIENTED_EDGE('',*,*,#2058,.T.);
#2738=ORIENTED_EDGE('',*,*,#1953,.F.);
#2739=ORIENTED_EDGE('',*,*,#2060,.F.);
#2740=ORIENTED_EDGE('',*,*,#2061,.F.);
#2741=ORIENTED_EDGE('',*,*,#2062,.F.);
#2742=ORIENTED_EDGE('',*,*,#1951,.F.);
#2743=ORIENTED_EDGE('',*,*,#2063,.F.);
#2744=ORIENTED_EDGE('',*,*,#2064,.F.);
#2745=ORIENTED_EDGE('',*,*,#2063,.T.);
#2746=ORIENTED_EDGE('',*,*,#1950,.F.);
#2747=ORIENTED_EDGE('',*,*,#2065,.F.);
#2748=ORIENTED_EDGE('',*,*,#2066,.T.);
#2749=ORIENTED_EDGE('',*,*,#2065,.T.);
#2750=ORIENTED_EDGE('',*,*,#1949,.F.);
#2751=ORIENTED_EDGE('',*,*,#2067,.F.);
#2752=ORIENTED_EDGE('',*,*,#2068,.F.);
#2753=ORIENTED_EDGE('',*,*,#2069,.F.);
#2754=ORIENTED_EDGE('',*,*,#1947,.F.);
#2755=ORIENTED_EDGE('',*,*,#2070,.F.);
#2756=ORIENTED_EDGE('',*,*,#2071,.F.);
#2757=ORIENTED_EDGE('',*,*,#2070,.T.);
#2758=ORIENTED_EDGE('',*,*,#1946,.F.);
#2759=ORIENTED_EDGE('',*,*,#2072,.F.);
#2760=ORIENTED_EDGE('',*,*,#2073,.T.);
#2761=ORIENTED_EDGE('',*,*,#2072,.T.);
#2762=ORIENTED_EDGE('',*,*,#1945,.F.);
#2763=ORIENTED_EDGE('',*,*,#2074,.F.);
#2764=ORIENTED_EDGE('',*,*,#2075,.F.);
#2765=ORIENTED_EDGE('',*,*,#2076,.F.);
#2766=ORIENTED_EDGE('',*,*,#1943,.F.);
#2767=ORIENTED_EDGE('',*,*,#2077,.F.);
#2768=ORIENTED_EDGE('',*,*,#2078,.F.);
#2769=ORIENTED_EDGE('',*,*,#2077,.T.);
#2770=ORIENTED_EDGE('',*,*,#1942,.F.);
#2771=ORIENTED_EDGE('',*,*,#2079,.F.);
#2772=ORIENTED_EDGE('',*,*,#2080,.T.);
#2773=ORIENTED_EDGE('',*,*,#2079,.T.);
#2774=ORIENTED_EDGE('',*,*,#1941,.F.);
#2775=ORIENTED_EDGE('',*,*,#2081,.F.);
#2776=ORIENTED_EDGE('',*,*,#2082,.F.);
#2777=ORIENTED_EDGE('',*,*,#2083,.F.);
#2778=ORIENTED_EDGE('',*,*,#1939,.F.);
#2779=ORIENTED_EDGE('',*,*,#2084,.F.);
#2780=ORIENTED_EDGE('',*,*,#2085,.F.);
#2781=ORIENTED_EDGE('',*,*,#2084,.T.);
#2782=ORIENTED_EDGE('',*,*,#1938,.F.);
#2783=ORIENTED_EDGE('',*,*,#2086,.F.);
#2784=ORIENTED_EDGE('',*,*,#2087,.T.);
#2785=ORIENTED_EDGE('',*,*,#2086,.T.);
#2786=ORIENTED_EDGE('',*,*,#1937,.F.);
#2787=ORIENTED_EDGE('',*,*,#2088,.F.);
#2788=ORIENTED_EDGE('',*,*,#2089,.F.);
#2789=ORIENTED_EDGE('',*,*,#2090,.F.);
#2790=ORIENTED_EDGE('',*,*,#1935,.F.);
#2791=ORIENTED_EDGE('',*,*,#2091,.F.);
#2792=ORIENTED_EDGE('',*,*,#2092,.F.);
#2793=ORIENTED_EDGE('',*,*,#2091,.T.);
#2794=ORIENTED_EDGE('',*,*,#1934,.F.);
#2795=ORIENTED_EDGE('',*,*,#2093,.F.);
#2796=ORIENTED_EDGE('',*,*,#2094,.T.);
#2797=ORIENTED_EDGE('',*,*,#2093,.T.);
#2798=ORIENTED_EDGE('',*,*,#1933,.F.);
#2799=ORIENTED_EDGE('',*,*,#2095,.F.);
#2800=ORIENTED_EDGE('',*,*,#2096,.F.);
#2801=ORIENTED_EDGE('',*,*,#2097,.F.);
#2802=ORIENTED_EDGE('',*,*,#1931,.F.);
#2803=ORIENTED_EDGE('',*,*,#2098,.F.);
#2804=ORIENTED_EDGE('',*,*,#2099,.F.);
#2805=ORIENTED_EDGE('',*,*,#2098,.T.);
#2806=ORIENTED_EDGE('',*,*,#1930,.F.);
#2807=ORIENTED_EDGE('',*,*,#2100,.F.);
#2808=ORIENTED_EDGE('',*,*,#2101,.T.);
#2809=ORIENTED_EDGE('',*,*,#2100,.T.);
#2810=ORIENTED_EDGE('',*,*,#1929,.F.);
#2811=ORIENTED_EDGE('',*,*,#2102,.F.);
#2812=ORIENTED_EDGE('',*,*,#2103,.F.);
#2813=ORIENTED_EDGE('',*,*,#2104,.F.);
#2814=ORIENTED_EDGE('',*,*,#1927,.F.);
#2815=ORIENTED_EDGE('',*,*,#2105,.F.);
#2816=ORIENTED_EDGE('',*,*,#2106,.F.);
#2817=ORIENTED_EDGE('',*,*,#2105,.T.);
#2818=ORIENTED_EDGE('',*,*,#1926,.F.);
#2819=ORIENTED_EDGE('',*,*,#2107,.F.);
#2820=ORIENTED_EDGE('',*,*,#2108,.T.);
#2821=ORIENTED_EDGE('',*,*,#2107,.T.);
#2822=ORIENTED_EDGE('',*,*,#1925,.F.);
#2823=ORIENTED_EDGE('',*,*,#2109,.F.);
#2824=ORIENTED_EDGE('',*,*,#2110,.F.);
#2825=ORIENTED_EDGE('',*,*,#2111,.F.);
#2826=ORIENTED_EDGE('',*,*,#1923,.F.);
#2827=ORIENTED_EDGE('',*,*,#2112,.F.);
#2828=ORIENTED_EDGE('',*,*,#2113,.F.);
#2829=ORIENTED_EDGE('',*,*,#2112,.T.);
#2830=ORIENTED_EDGE('',*,*,#1922,.F.);
#2831=ORIENTED_EDGE('',*,*,#2114,.F.);
#2832=ORIENTED_EDGE('',*,*,#2115,.T.);
#2833=ORIENTED_EDGE('',*,*,#2114,.T.);
#2834=ORIENTED_EDGE('',*,*,#1921,.F.);
#2835=ORIENTED_EDGE('',*,*,#2116,.F.);
#2836=ORIENTED_EDGE('',*,*,#2117,.F.);
#2837=ORIENTED_EDGE('',*,*,#2118,.F.);
#2838=ORIENTED_EDGE('',*,*,#1919,.F.);
#2839=ORIENTED_EDGE('',*,*,#2119,.F.);
#2840=ORIENTED_EDGE('',*,*,#2120,.F.);
#2841=ORIENTED_EDGE('',*,*,#2119,.T.);
#2842=ORIENTED_EDGE('',*,*,#1918,.F.);
#2843=ORIENTED_EDGE('',*,*,#2121,.F.);
#2844=ORIENTED_EDGE('',*,*,#2122,.T.);
#2845=ORIENTED_EDGE('',*,*,#2121,.T.);
#2846=ORIENTED_EDGE('',*,*,#1917,.F.);
#2847=ORIENTED_EDGE('',*,*,#2123,.F.);
#2848=ORIENTED_EDGE('',*,*,#2124,.F.);
#2849=ORIENTED_EDGE('',*,*,#2125,.F.);
#2850=ORIENTED_EDGE('',*,*,#1915,.F.);
#2851=ORIENTED_EDGE('',*,*,#2126,.F.);
#2852=ORIENTED_EDGE('',*,*,#2127,.F.);
#2853=ORIENTED_EDGE('',*,*,#2126,.T.);
#2854=ORIENTED_EDGE('',*,*,#1914,.F.);
#2855=ORIENTED_EDGE('',*,*,#2128,.F.);
#2856=ORIENTED_EDGE('',*,*,#2129,.T.);
#2857=ORIENTED_EDGE('',*,*,#2128,.T.);
#2858=ORIENTED_EDGE('',*,*,#1913,.F.);
#2859=ORIENTED_EDGE('',*,*,#2130,.F.);
#2860=ORIENTED_EDGE('',*,*,#2130,.T.);
#2861=ORIENTED_EDGE('',*,*,#1912,.F.);
#2862=ORIENTED_EDGE('',*,*,#2131,.T.);
#2863=ORIENTED_EDGE('',*,*,#2132,.T.);
#2864=ORIENTED_EDGE('',*,*,#2123,.T.);
#2865=ORIENTED_EDGE('',*,*,#1916,.F.);
#2866=ORIENTED_EDGE('',*,*,#2125,.T.);
#2867=ORIENTED_EDGE('',*,*,#2133,.T.);
#2868=ORIENTED_EDGE('',*,*,#2116,.T.);
#2869=ORIENTED_EDGE('',*,*,#1920,.F.);
#2870=ORIENTED_EDGE('',*,*,#2118,.T.);
#2871=ORIENTED_EDGE('',*,*,#2134,.T.);
#2872=ORIENTED_EDGE('',*,*,#2109,.T.);
#2873=ORIENTED_EDGE('',*,*,#1924,.F.);
#2874=ORIENTED_EDGE('',*,*,#2111,.T.);
#2875=ORIENTED_EDGE('',*,*,#2135,.T.);
#2876=ORIENTED_EDGE('',*,*,#2102,.T.);
#2877=ORIENTED_EDGE('',*,*,#1928,.F.);
#2878=ORIENTED_EDGE('',*,*,#2104,.T.);
#2879=ORIENTED_EDGE('',*,*,#2136,.T.);
#2880=ORIENTED_EDGE('',*,*,#2095,.T.);
#2881=ORIENTED_EDGE('',*,*,#1932,.F.);
#2882=ORIENTED_EDGE('',*,*,#2097,.T.);
#2883=ORIENTED_EDGE('',*,*,#2137,.T.);
#2884=ORIENTED_EDGE('',*,*,#2088,.T.);
#2885=ORIENTED_EDGE('',*,*,#1936,.F.);
#2886=ORIENTED_EDGE('',*,*,#2090,.T.);
#2887=ORIENTED_EDGE('',*,*,#2138,.T.);
#2888=ORIENTED_EDGE('',*,*,#2081,.T.);
#2889=ORIENTED_EDGE('',*,*,#1940,.F.);
#2890=ORIENTED_EDGE('',*,*,#2083,.T.);
#2891=ORIENTED_EDGE('',*,*,#2139,.T.);
#2892=ORIENTED_EDGE('',*,*,#2074,.T.);
#2893=ORIENTED_EDGE('',*,*,#1944,.F.);
#2894=ORIENTED_EDGE('',*,*,#2076,.T.);
#2895=ORIENTED_EDGE('',*,*,#2140,.T.);
#2896=ORIENTED_EDGE('',*,*,#2067,.T.);
#2897=ORIENTED_EDGE('',*,*,#1948,.F.);
#2898=ORIENTED_EDGE('',*,*,#2069,.T.);
#2899=ORIENTED_EDGE('',*,*,#2141,.T.);
#2900=ORIENTED_EDGE('',*,*,#2060,.T.);
#2901=ORIENTED_EDGE('',*,*,#1952,.F.);
#2902=ORIENTED_EDGE('',*,*,#2062,.T.);
#2903=ORIENTED_EDGE('',*,*,#2142,.T.);
#2904=ORIENTED_EDGE('',*,*,#2053,.T.);
#2905=ORIENTED_EDGE('',*,*,#1956,.F.);
#2906=ORIENTED_EDGE('',*,*,#2055,.T.);
#2907=ORIENTED_EDGE('',*,*,#2143,.T.);
#2908=ORIENTED_EDGE('',*,*,#2046,.T.);
#2909=ORIENTED_EDGE('',*,*,#1960,.F.);
#2910=ORIENTED_EDGE('',*,*,#2048,.T.);
#2911=ORIENTED_EDGE('',*,*,#2144,.T.);
#2912=ORIENTED_EDGE('',*,*,#2039,.T.);
#2913=ORIENTED_EDGE('',*,*,#1964,.F.);
#2914=ORIENTED_EDGE('',*,*,#2041,.T.);
#2915=ORIENTED_EDGE('',*,*,#2145,.T.);
#2916=ORIENTED_EDGE('',*,*,#2032,.T.);
#2917=ORIENTED_EDGE('',*,*,#1968,.F.);
#2918=ORIENTED_EDGE('',*,*,#2034,.T.);
#2919=ORIENTED_EDGE('',*,*,#2146,.T.);
#2920=ORIENTED_EDGE('',*,*,#2025,.T.);
#2921=ORIENTED_EDGE('',*,*,#1972,.F.);
#2922=ORIENTED_EDGE('',*,*,#2027,.T.);
#2923=ORIENTED_EDGE('',*,*,#2147,.T.);
#2924=ORIENTED_EDGE('',*,*,#2018,.T.);
#2925=ORIENTED_EDGE('',*,*,#1976,.F.);
#2926=ORIENTED_EDGE('',*,*,#2020,.T.);
#2927=ORIENTED_EDGE('',*,*,#2148,.T.);
#2928=ORIENTED_EDGE('',*,*,#2011,.T.);
#2929=ORIENTED_EDGE('',*,*,#1980,.F.);
#2930=ORIENTED_EDGE('',*,*,#2013,.T.);
#2931=ORIENTED_EDGE('',*,*,#2149,.T.);
#2932=ORIENTED_EDGE('',*,*,#2004,.T.);
#2933=ORIENTED_EDGE('',*,*,#1984,.F.);
#2934=ORIENTED_EDGE('',*,*,#2006,.T.);
#2935=ORIENTED_EDGE('',*,*,#2150,.T.);
#2936=ORIENTED_EDGE('',*,*,#1999,.T.);
#2937=ORIENTED_EDGE('',*,*,#2151,.T.);
#2938=ORIENTED_EDGE('',*,*,#2152,.T.);
#2939=ORIENTED_EDGE('',*,*,#1988,.F.);
#2940=ORIENTED_EDGE('',*,*,#2153,.F.);
#2941=ORIENTED_EDGE('',*,*,#2131,.F.);
#2942=ORIENTED_EDGE('',*,*,#1911,.F.);
#2943=ORIENTED_EDGE('',*,*,#2154,.F.);
#2944=ORIENTED_EDGE('',*,*,#2155,.F.);
#2945=ORIENTED_EDGE('',*,*,#2154,.T.);
#2946=ORIENTED_EDGE('',*,*,#1910,.F.);
#2947=ORIENTED_EDGE('',*,*,#2156,.F.);
#2948=ORIENTED_EDGE('',*,*,#2157,.T.);
#2949=ORIENTED_EDGE('',*,*,#2156,.T.);
#2950=ORIENTED_EDGE('',*,*,#1909,.F.);
#2951=ORIENTED_EDGE('',*,*,#2158,.F.);
#2952=ORIENTED_EDGE('',*,*,#2158,.T.);
#2953=ORIENTED_EDGE('',*,*,#1908,.F.);
#2954=ORIENTED_EDGE('',*,*,#1900,.F.);
#2955=ORIENTED_EDGE('',*,*,#2159,.F.);
#2956=ORIENTED_EDGE('',*,*,#1990,.T.);
#2957=ORIENTED_EDGE('',*,*,#2160,.T.);
#2958=ORIENTED_EDGE('',*,*,#2159,.T.);
#2959=ORIENTED_EDGE('',*,*,#1903,.T.);
#2960=ORIENTED_EDGE('',*,*,#2161,.F.);
#2961=ORIENTED_EDGE('',*,*,#1993,.F.);
#2962=ORIENTED_EDGE('',*,*,#2162,.T.);
#2963=ORIENTED_EDGE('',*,*,#1996,.F.);
#2964=ORIENTED_EDGE('',*,*,#1994,.F.);
#2965=ORIENTED_EDGE('',*,*,#2161,.T.);
#2966=ORIENTED_EDGE('',*,*,#1905,.T.);
#2967=ORIENTED_EDGE('',*,*,#1907,.F.);
#2968=ORIENTED_EDGE('',*,*,#1989,.F.);
#2969=ORIENTED_EDGE('',*,*,#2152,.F.);
#2970=ORIENTED_EDGE('',*,*,#1997,.T.);
#2971=ORIENTED_EDGE('',*,*,#2162,.F.);
#2972=ORIENTED_EDGE('',*,*,#2151,.F.);
#2973=ORIENTED_EDGE('',*,*,#1998,.T.);
#2974=ORIENTED_EDGE('',*,*,#2001,.T.);
#2975=ORIENTED_EDGE('',*,*,#2003,.F.);
#2976=ORIENTED_EDGE('',*,*,#2150,.F.);
#2977=ORIENTED_EDGE('',*,*,#2005,.T.);
#2978=ORIENTED_EDGE('',*,*,#2008,.T.);
#2979=ORIENTED_EDGE('',*,*,#2010,.F.);
#2980=ORIENTED_EDGE('',*,*,#2149,.F.);
#2981=ORIENTED_EDGE('',*,*,#2012,.T.);
#2982=ORIENTED_EDGE('',*,*,#2015,.T.);
#2983=ORIENTED_EDGE('',*,*,#2017,.F.);
#2984=ORIENTED_EDGE('',*,*,#2148,.F.);
#2985=ORIENTED_EDGE('',*,*,#2019,.T.);
#2986=ORIENTED_EDGE('',*,*,#2022,.T.);
#2987=ORIENTED_EDGE('',*,*,#2024,.F.);
#2988=ORIENTED_EDGE('',*,*,#2147,.F.);
#2989=ORIENTED_EDGE('',*,*,#2026,.T.);
#2990=ORIENTED_EDGE('',*,*,#2029,.T.);
#2991=ORIENTED_EDGE('',*,*,#2031,.F.);
#2992=ORIENTED_EDGE('',*,*,#2146,.F.);
#2993=ORIENTED_EDGE('',*,*,#2033,.T.);
#2994=ORIENTED_EDGE('',*,*,#2036,.T.);
#2995=ORIENTED_EDGE('',*,*,#2038,.F.);
#2996=ORIENTED_EDGE('',*,*,#2145,.F.);
#2997=ORIENTED_EDGE('',*,*,#2040,.T.);
#2998=ORIENTED_EDGE('',*,*,#2043,.T.);
#2999=ORIENTED_EDGE('',*,*,#2045,.F.);
#3000=ORIENTED_EDGE('',*,*,#2144,.F.);
#3001=ORIENTED_EDGE('',*,*,#2047,.T.);
#3002=ORIENTED_EDGE('',*,*,#2050,.T.);
#3003=ORIENTED_EDGE('',*,*,#2052,.F.);
#3004=ORIENTED_EDGE('',*,*,#2143,.F.);
#3005=ORIENTED_EDGE('',*,*,#2054,.T.);
#3006=ORIENTED_EDGE('',*,*,#2057,.T.);
#3007=ORIENTED_EDGE('',*,*,#2059,.F.);
#3008=ORIENTED_EDGE('',*,*,#2142,.F.);
#3009=ORIENTED_EDGE('',*,*,#2061,.T.);
#3010=ORIENTED_EDGE('',*,*,#2064,.T.);
#3011=ORIENTED_EDGE('',*,*,#2066,.F.);
#3012=ORIENTED_EDGE('',*,*,#2141,.F.);
#3013=ORIENTED_EDGE('',*,*,#2068,.T.);
#3014=ORIENTED_EDGE('',*,*,#2071,.T.);
#3015=ORIENTED_EDGE('',*,*,#2073,.F.);
#3016=ORIENTED_EDGE('',*,*,#2140,.F.);
#3017=ORIENTED_EDGE('',*,*,#2075,.T.);
#3018=ORIENTED_EDGE('',*,*,#2078,.T.);
#3019=ORIENTED_EDGE('',*,*,#2080,.F.);
#3020=ORIENTED_EDGE('',*,*,#2139,.F.);
#3021=ORIENTED_EDGE('',*,*,#2082,.T.);
#3022=ORIENTED_EDGE('',*,*,#2085,.T.);
#3023=ORIENTED_EDGE('',*,*,#2087,.F.);
#3024=ORIENTED_EDGE('',*,*,#2138,.F.);
#3025=ORIENTED_EDGE('',*,*,#2089,.T.);
#3026=ORIENTED_EDGE('',*,*,#2092,.T.);
#3027=ORIENTED_EDGE('',*,*,#2094,.F.);
#3028=ORIENTED_EDGE('',*,*,#2137,.F.);
#3029=ORIENTED_EDGE('',*,*,#2096,.T.);
#3030=ORIENTED_EDGE('',*,*,#2099,.T.);
#3031=ORIENTED_EDGE('',*,*,#2101,.F.);
#3032=ORIENTED_EDGE('',*,*,#2136,.F.);
#3033=ORIENTED_EDGE('',*,*,#2103,.T.);
#3034=ORIENTED_EDGE('',*,*,#2106,.T.);
#3035=ORIENTED_EDGE('',*,*,#2108,.F.);
#3036=ORIENTED_EDGE('',*,*,#2135,.F.);
#3037=ORIENTED_EDGE('',*,*,#2110,.T.);
#3038=ORIENTED_EDGE('',*,*,#2113,.T.);
#3039=ORIENTED_EDGE('',*,*,#2115,.F.);
#3040=ORIENTED_EDGE('',*,*,#2134,.F.);
#3041=ORIENTED_EDGE('',*,*,#2117,.T.);
#3042=ORIENTED_EDGE('',*,*,#2120,.T.);
#3043=ORIENTED_EDGE('',*,*,#2122,.F.);
#3044=ORIENTED_EDGE('',*,*,#2133,.F.);
#3045=ORIENTED_EDGE('',*,*,#2124,.T.);
#3046=ORIENTED_EDGE('',*,*,#2127,.T.);
#3047=ORIENTED_EDGE('',*,*,#2129,.F.);
#3048=ORIENTED_EDGE('',*,*,#2132,.F.);
#3049=ORIENTED_EDGE('',*,*,#2153,.T.);
#3050=ORIENTED_EDGE('',*,*,#2155,.T.);
#3051=ORIENTED_EDGE('',*,*,#2157,.F.);
#3052=ORIENTED_EDGE('',*,*,#2160,.F.);
#3053=CYLINDRICAL_SURFACE('',#3303,1.25);
#3054=CYLINDRICAL_SURFACE('',#3307,1.25);
#3055=CYLINDRICAL_SURFACE('',#3311,1.24999999999998);
#3056=CYLINDRICAL_SURFACE('',#3315,1.25000000000001);
#3057=CYLINDRICAL_SURFACE('',#3319,1.25);
#3058=CYLINDRICAL_SURFACE('',#3323,1.25);
#3059=CYLINDRICAL_SURFACE('',#3327,1.25000000000001);
#3060=CYLINDRICAL_SURFACE('',#3331,1.25);
#3061=CYLINDRICAL_SURFACE('',#3335,1.25000000000001);
#3062=CYLINDRICAL_SURFACE('',#3339,1.25);
#3063=CYLINDRICAL_SURFACE('',#3343,1.25000000000001);
#3064=CYLINDRICAL_SURFACE('',#3347,1.25);
#3065=CYLINDRICAL_SURFACE('',#3351,1.25);
#3066=CYLINDRICAL_SURFACE('',#3355,1.65);
#3067=CYLINDRICAL_SURFACE('',#3359,1.65);
#3068=CYLINDRICAL_SURFACE('',#3363,1.65);
#3069=CYLINDRICAL_SURFACE('',#3367,1.65);
#3070=CYLINDRICAL_SURFACE('',#3371,1.65);
#3071=CYLINDRICAL_SURFACE('',#3375,1.65);
#3072=CYLINDRICAL_SURFACE('',#3379,1.65);
#3073=CYLINDRICAL_SURFACE('',#3383,1.65);
#3074=CYLINDRICAL_SURFACE('',#3387,1.65);
#3075=CYLINDRICAL_SURFACE('',#3391,1.65);
#3076=CYLINDRICAL_SURFACE('',#3395,3.5);
#3077=CYLINDRICAL_SURFACE('',#3399,3.50000000000001);
#3078=CYLINDRICAL_SURFACE('',#3403,3.5);
#3079=CYLINDRICAL_SURFACE('',#3407,3.5);
#3080=CYLINDRICAL_SURFACE('',#3411,3.5);
#3081=CYLINDRICAL_SURFACE('',#3415,3.);
#3082=CYLINDRICAL_SURFACE('',#3419,3.5);
#3083=CYLINDRICAL_SURFACE('',#3423,3.5);
#3084=CYLINDRICAL_SURFACE('',#3427,3.5);
#3085=CYLINDRICAL_SURFACE('',#3431,3.5);
#3086=CYLINDRICAL_SURFACE('',#3435,3.5);
#3087=CYLINDRICAL_SURFACE('',#3439,3.);
#3088=CYLINDRICAL_SURFACE('',#3443,3.00000000000001);
#3089=CYLINDRICAL_SURFACE('',#3451,4.);
#3090=CYLINDRICAL_SURFACE('',#3465,4.);
#3091=CYLINDRICAL_SURFACE('',#3485,5.);
#3092=CYLINDRICAL_SURFACE('',#3487,5.);
#3093=CYLINDRICAL_SURFACE('',#3491,5.);
#3094=CYLINDRICAL_SURFACE('',#3493,5.);
#3095=ADVANCED_FACE('',(#204),#3053,.F.);
#3096=ADVANCED_FACE('',(#205),#57,.T.);
#3097=ADVANCED_FACE('',(#206),#3054,.F.);
#3098=ADVANCED_FACE('',(#207),#58,.T.);
#3099=ADVANCED_FACE('',(#208),#3055,.F.);
#3100=ADVANCED_FACE('',(#209),#59,.T.);
#3101=ADVANCED_FACE('',(#210),#3056,.F.);
#3102=ADVANCED_FACE('',(#211),#60,.T.);
#3103=ADVANCED_FACE('',(#212),#3057,.F.);
#3104=ADVANCED_FACE('',(#213),#61,.T.);
#3105=ADVANCED_FACE('',(#214),#3058,.F.);
#3106=ADVANCED_FACE('',(#215),#62,.T.);
#3107=ADVANCED_FACE('',(#216),#3059,.F.);
#3108=ADVANCED_FACE('',(#217),#63,.T.);
#3109=ADVANCED_FACE('',(#218),#3060,.F.);
#3110=ADVANCED_FACE('',(#219),#64,.T.);
#3111=ADVANCED_FACE('',(#220),#3061,.F.);
#3112=ADVANCED_FACE('',(#221),#65,.T.);
#3113=ADVANCED_FACE('',(#222),#3062,.F.);
#3114=ADVANCED_FACE('',(#223),#66,.T.);
#3115=ADVANCED_FACE('',(#224),#3063,.F.);
#3116=ADVANCED_FACE('',(#225),#67,.T.);
#3117=ADVANCED_FACE('',(#226),#3064,.F.);
#3118=ADVANCED_FACE('',(#227),#68,.T.);
#3119=ADVANCED_FACE('',(#228),#3065,.F.);
#3120=ADVANCED_FACE('',(#229),#69,.T.);
#3121=ADVANCED_FACE('',(#230),#3066,.F.);
#3122=ADVANCED_FACE('',(#231),#70,.F.);
#3123=ADVANCED_FACE('',(#232),#3067,.F.);
#3124=ADVANCED_FACE('',(#233),#71,.F.);
#3125=ADVANCED_FACE('',(#234),#3068,.F.);
#3126=ADVANCED_FACE('',(#235),#72,.F.);
#3127=ADVANCED_FACE('',(#236),#3069,.F.);
#3128=ADVANCED_FACE('',(#237),#73,.F.);
#3129=ADVANCED_FACE('',(#238),#3070,.F.);
#3130=ADVANCED_FACE('',(#239),#74,.F.);
#3131=ADVANCED_FACE('',(#240),#3071,.F.);
#3132=ADVANCED_FACE('',(#241),#75,.F.);
#3133=ADVANCED_FACE('',(#242),#3072,.F.);
#3134=ADVANCED_FACE('',(#243),#76,.F.);
#3135=ADVANCED_FACE('',(#244),#3073,.F.);
#3136=ADVANCED_FACE('',(#245),#77,.F.);
#3137=ADVANCED_FACE('',(#246),#3074,.F.);
#3138=ADVANCED_FACE('',(#247),#78,.F.);
#3139=ADVANCED_FACE('',(#248),#3075,.F.);
#3140=ADVANCED_FACE('',(#249),#79,.F.);
#3141=ADVANCED_FACE('',(#250),#3076,.T.);
#3142=ADVANCED_FACE('',(#251,#21),#80,.T.);
#3143=ADVANCED_FACE('',(#252),#3077,.T.);
#3144=ADVANCED_FACE('',(#253,#22),#81,.T.);
#3145=ADVANCED_FACE('',(#254),#3078,.T.);
#3146=ADVANCED_FACE('',(#255,#23),#82,.T.);
#3147=ADVANCED_FACE('',(#256),#3079,.T.);
#3148=ADVANCED_FACE('',(#257,#24),#83,.T.);
#3149=ADVANCED_FACE('',(#258),#3080,.T.);
#3150=ADVANCED_FACE('',(#259,#25),#84,.T.);
#3151=ADVANCED_FACE('',(#260),#3081,.T.);
#3152=ADVANCED_FACE('',(#261),#85,.T.);
#3153=ADVANCED_FACE('',(#262),#3082,.T.);
#3154=ADVANCED_FACE('',(#263,#26),#86,.T.);
#3155=ADVANCED_FACE('',(#264),#3083,.T.);
#3156=ADVANCED_FACE('',(#265,#27),#87,.T.);
#3157=ADVANCED_FACE('',(#266),#3084,.T.);
#3158=ADVANCED_FACE('',(#267,#28),#88,.T.);
#3159=ADVANCED_FACE('',(#268),#3085,.T.);
#3160=ADVANCED_FACE('',(#269,#29),#89,.T.);
#3161=ADVANCED_FACE('',(#270),#3086,.T.);
#3162=ADVANCED_FACE('',(#271,#30),#90,.T.);
#3163=ADVANCED_FACE('',(#272),#3087,.T.);
#3164=ADVANCED_FACE('',(#273),#91,.T.);
#3165=ADVANCED_FACE('',(#274),#3088,.T.);
#3166=ADVANCED_FACE('',(#275),#92,.T.);
#3167=ADVANCED_FACE('',(#276),#93,.F.);
#3168=ADVANCED_FACE('',(#277),#94,.F.);
#3169=ADVANCED_FACE('',(#278),#3089,.F.);
#3170=ADVANCED_FACE('',(#279),#95,.F.);
#3171=ADVANCED_FACE('',(#280),#96,.F.);
#3172=ADVANCED_FACE('',(#281,#31,#32,#33,#34,#35,#36,#37,#38,#39,#40,#41,
#42,#43),#97,.T.);
#3173=ADVANCED_FACE('',(#282),#98,.F.);
#3174=ADVANCED_FACE('',(#283),#99,.F.);
#3175=ADVANCED_FACE('',(#284),#100,.F.);
#3176=ADVANCED_FACE('',(#285),#101,.F.);
#3177=ADVANCED_FACE('',(#286),#3090,.F.);
#3178=ADVANCED_FACE('',(#287),#102,.T.);
#3179=ADVANCED_FACE('',(#288),#103,.T.);
#3180=ADVANCED_FACE('',(#289),#17,.T.);
#3181=ADVANCED_FACE('',(#290),#104,.T.);
#3182=ADVANCED_FACE('',(#291),#18,.T.);
#3183=ADVANCED_FACE('',(#292),#105,.T.);
#3184=ADVANCED_FACE('',(#293),#19,.T.);
#3185=ADVANCED_FACE('',(#294),#106,.T.);
#3186=ADVANCED_FACE('',(#295),#20,.T.);
#3187=ADVANCED_FACE('',(#296),#3091,.T.);
#3188=ADVANCED_FACE('',(#297),#107,.T.);
#3189=ADVANCED_FACE('',(#298),#3092,.T.);
#3190=ADVANCED_FACE('',(#299),#108,.T.);
#3191=ADVANCED_FACE('',(#300),#109,.F.);
#3192=ADVANCED_FACE('',(#301),#110,.T.);
#3193=ADVANCED_FACE('',(#302),#3093,.T.);
#3194=ADVANCED_FACE('',(#303),#111,.T.);
#3195=ADVANCED_FACE('',(#304),#3094,.T.);
#3196=ADVANCED_FACE('',(#305,#44,#45,#46,#47,#48,#49,#50,#51,#52,#53,#54,
#55,#56),#112,.F.);
#3197=ADVANCED_FACE('',(#306),#113,.T.);
#3198=ADVANCED_FACE('',(#307),#114,.T.);
#3199=ADVANCED_FACE('',(#308),#115,.T.);
#3200=ADVANCED_FACE('',(#309),#116,.T.);
#3201=ADVANCED_FACE('',(#310),#117,.T.);
#3202=ADVANCED_FACE('',(#311),#118,.T.);
#3203=ADVANCED_FACE('',(#312),#119,.T.);
#3204=ADVANCED_FACE('',(#313),#120,.T.);
#3205=ADVANCED_FACE('',(#314),#121,.T.);
#3206=ADVANCED_FACE('',(#315),#122,.T.);
#3207=ADVANCED_FACE('',(#316),#123,.T.);
#3208=ADVANCED_FACE('',(#317),#124,.T.);
#3209=ADVANCED_FACE('',(#318),#125,.T.);
#3210=ADVANCED_FACE('',(#319),#126,.T.);
#3211=ADVANCED_FACE('',(#320),#127,.T.);
#3212=ADVANCED_FACE('',(#321),#128,.T.);
#3213=ADVANCED_FACE('',(#322),#129,.T.);
#3214=ADVANCED_FACE('',(#323),#130,.T.);
#3215=ADVANCED_FACE('',(#324),#131,.T.);
#3216=ADVANCED_FACE('',(#325),#132,.T.);
#3217=ADVANCED_FACE('',(#326),#133,.T.);
#3218=ADVANCED_FACE('',(#327),#134,.T.);
#3219=ADVANCED_FACE('',(#328),#135,.T.);
#3220=ADVANCED_FACE('',(#329),#136,.T.);
#3221=ADVANCED_FACE('',(#330),#137,.T.);
#3222=ADVANCED_FACE('',(#331),#138,.T.);
#3223=ADVANCED_FACE('',(#332),#139,.T.);
#3224=ADVANCED_FACE('',(#333),#140,.T.);
#3225=ADVANCED_FACE('',(#334),#141,.T.);
#3226=ADVANCED_FACE('',(#335),#142,.T.);
#3227=ADVANCED_FACE('',(#336),#143,.T.);
#3228=ADVANCED_FACE('',(#337),#144,.T.);
#3229=ADVANCED_FACE('',(#338),#145,.T.);
#3230=ADVANCED_FACE('',(#339),#146,.T.);
#3231=ADVANCED_FACE('',(#340),#147,.T.);
#3232=ADVANCED_FACE('',(#341),#148,.T.);
#3233=ADVANCED_FACE('',(#342),#149,.T.);
#3234=ADVANCED_FACE('',(#343),#150,.T.);
#3235=ADVANCED_FACE('',(#344),#151,.T.);
#3236=ADVANCED_FACE('',(#345),#152,.T.);
#3237=ADVANCED_FACE('',(#346),#153,.T.);
#3238=ADVANCED_FACE('',(#347),#154,.T.);
#3239=ADVANCED_FACE('',(#348),#155,.T.);
#3240=ADVANCED_FACE('',(#349),#156,.T.);
#3241=ADVANCED_FACE('',(#350),#157,.T.);
#3242=ADVANCED_FACE('',(#351),#158,.T.);
#3243=ADVANCED_FACE('',(#352),#159,.T.);
#3244=ADVANCED_FACE('',(#353),#160,.T.);
#3245=ADVANCED_FACE('',(#354),#161,.T.);
#3246=ADVANCED_FACE('',(#355),#162,.T.);
#3247=ADVANCED_FACE('',(#356),#163,.T.);
#3248=ADVANCED_FACE('',(#357),#164,.T.);
#3249=ADVANCED_FACE('',(#358),#165,.T.);
#3250=ADVANCED_FACE('',(#359),#166,.T.);
#3251=ADVANCED_FACE('',(#360),#167,.T.);
#3252=ADVANCED_FACE('',(#361),#168,.T.);
#3253=ADVANCED_FACE('',(#362),#169,.T.);
#3254=ADVANCED_FACE('',(#363),#170,.T.);
#3255=ADVANCED_FACE('',(#364),#171,.T.);
#3256=ADVANCED_FACE('',(#365),#172,.T.);
#3257=ADVANCED_FACE('',(#366),#173,.T.);
#3258=ADVANCED_FACE('',(#367),#174,.T.);
#3259=ADVANCED_FACE('',(#368),#175,.T.);
#3260=ADVANCED_FACE('',(#369),#176,.T.);
#3261=ADVANCED_FACE('',(#370),#177,.T.);
#3262=ADVANCED_FACE('',(#371),#178,.T.);
#3263=ADVANCED_FACE('',(#372),#179,.T.);
#3264=ADVANCED_FACE('',(#373),#180,.T.);
#3265=ADVANCED_FACE('',(#374),#181,.T.);
#3266=ADVANCED_FACE('',(#375),#182,.T.);
#3267=ADVANCED_FACE('',(#376),#183,.T.);
#3268=ADVANCED_FACE('',(#377),#184,.T.);
#3269=ADVANCED_FACE('',(#378),#185,.T.);
#3270=ADVANCED_FACE('',(#379),#186,.T.);
#3271=ADVANCED_FACE('',(#380),#187,.T.);
#3272=ADVANCED_FACE('',(#381),#188,.T.);
#3273=ADVANCED_FACE('',(#382),#189,.T.);
#3274=ADVANCED_FACE('',(#383),#190,.T.);
#3275=ADVANCED_FACE('',(#384),#191,.T.);
#3276=ADVANCED_FACE('',(#385),#192,.T.);
#3277=ADVANCED_FACE('',(#386),#193,.T.);
#3278=ADVANCED_FACE('',(#387),#194,.T.);
#3279=ADVANCED_FACE('',(#388),#195,.T.);
#3280=ADVANCED_FACE('',(#389),#196,.T.);
#3281=ADVANCED_FACE('',(#390),#197,.T.);
#3282=ADVANCED_FACE('',(#391),#198,.T.);
#3283=ADVANCED_FACE('',(#392),#199,.T.);
#3284=ADVANCED_FACE('',(#393),#200,.T.);
#3285=ADVANCED_FACE('',(#394),#201,.T.);
#3286=ADVANCED_FACE('',(#395),#202,.T.);
#3287=ADVANCED_FACE('',(#396),#203,.F.);
#3288=CLOSED_SHELL('',(#3095,#3096,#3097,#3098,#3099,#3100,#3101,#3102,
#3103,#3104,#3105,#3106,#3107,#3108,#3109,#3110,#3111,#3112,#3113,#3114,
#3115,#3116,#3117,#3118,#3119,#3120,#3121,#3122,#3123,#3124,#3125,#3126,
#3127,#3128,#3129,#3130,#3131,#3132,#3133,#3134,#3135,#3136,#3137,#3138,
#3139,#3140,#3141,#3142,#3143,#3144,#3145,#3146,#3147,#3148,#3149,#3150,
#3151,#3152,#3153,#3154,#3155,#3156,#3157,#3158,#3159,#3160,#3161,#3162,
#3163,#3164,#3165,#3166,#3167,#3168,#3169,#3170,#3171,#3172,#3173,#3174,
#3175,#3176,#3177,#3178,#3179,#3180,#3181,#3182,#3183,#3184,#3185,#3186,
#3187,#3188,#3189,#3190,#3191,#3192,#3193,#3194,#3195,#3196));
#3289=CLOSED_SHELL('',(#3197,#3198,#3199,#3200,#3201,#3202,#3203,#3204,
#3205,#3206,#3207,#3208,#3209,#3210,#3211,#3212,#3213,#3214,#3215,#3216,
#3217,#3218,#3219,#3220,#3221,#3222,#3223,#3224,#3225,#3226,#3227,#3228,
#3229,#3230,#3231,#3232,#3233,#3234,#3235,#3236,#3237,#3238,#3239,#3240,
#3241,#3242,#3243,#3244,#3245,#3246,#3247,#3248,#3249,#3250,#3251,#3252,
#3253,#3254,#3255,#3256,#3257,#3258,#3259,#3260,#3261,#3262,#3263,#3264,
#3265,#3266,#3267,#3268,#3269,#3270,#3271,#3272,#3273,#3274,#3275,#3276,
#3277,#3278,#3279,#3280,#3281,#3282,#3283,#3284,#3285,#3286,#3287));
#3290=DERIVED_UNIT_ELEMENT(#3292,1.);
#3291=DERIVED_UNIT_ELEMENT(#5445,-3.);
#3292=(
MASS_UNIT()
NAMED_UNIT(*)
SI_UNIT(.KILO.,.GRAM.)
);
#3293=DERIVED_UNIT((#3290,#3291));
#3294=MEASURE_REPRESENTATION_ITEM('density measure',
POSITIVE_RATIO_MEASURE(7850.),#3293);
#3295=PROPERTY_DEFINITION_REPRESENTATION(#3300,#3297);
#3296=PROPERTY_DEFINITION_REPRESENTATION(#3301,#3298);
#3297=REPRESENTATION('material name',(#3299),#5442);
#3298=REPRESENTATION('density',(#3294),#5442);
#3299=DESCRIPTIVE_REPRESENTATION_ITEM('Steel','Steel');
#3300=PROPERTY_DEFINITION('material property','material name',#5452);
#3301=PROPERTY_DEFINITION('material property','density of part',#5452);
#3302=AXIS2_PLACEMENT_3D('',#4509,#3586,#3587);
#3303=AXIS2_PLACEMENT_3D('',#4510,#3588,#3589);
#3304=AXIS2_PLACEMENT_3D('',#4512,#3590,#3591);
#3305=AXIS2_PLACEMENT_3D('',#4515,#3593,#3594);
#3306=AXIS2_PLACEMENT_3D('',#4516,#3595,#3596);
#3307=AXIS2_PLACEMENT_3D('',#4517,#3597,#3598);
#3308=AXIS2_PLACEMENT_3D('',#4519,#3599,#3600);
#3309=AXIS2_PLACEMENT_3D('',#4522,#3602,#3603);
#3310=AXIS2_PLACEMENT_3D('',#4523,#3604,#3605);
#3311=AXIS2_PLACEMENT_3D('',#4524,#3606,#3607);
#3312=AXIS2_PLACEMENT_3D('',#4526,#3608,#3609);
#3313=AXIS2_PLACEMENT_3D('',#4529,#3611,#3612);
#3314=AXIS2_PLACEMENT_3D('',#4530,#3613,#3614);
#3315=AXIS2_PLACEMENT_3D('',#4531,#3615,#3616);
#3316=AXIS2_PLACEMENT_3D('',#4533,#3617,#3618);
#3317=AXIS2_PLACEMENT_3D('',#4536,#3620,#3621);
#3318=AXIS2_PLACEMENT_3D('',#4537,#3622,#3623);
#3319=AXIS2_PLACEMENT_3D('',#4538,#3624,#3625);
#3320=AXIS2_PLACEMENT_3D('',#4540,#3626,#3627);
#3321=AXIS2_PLACEMENT_3D('',#4543,#3629,#3630);
#3322=AXIS2_PLACEMENT_3D('',#4544,#3631,#3632);
#3323=AXIS2_PLACEMENT_3D('',#4545,#3633,#3634);
#3324=AXIS2_PLACEMENT_3D('',#4547,#3635,#3636);
#3325=AXIS2_PLACEMENT_3D('',#4550,#3638,#3639);
#3326=AXIS2_PLACEMENT_3D('',#4551,#3640,#3641);
#3327=AXIS2_PLACEMENT_3D('',#4552,#3642,#3643);
#3328=AXIS2_PLACEMENT_3D('',#4554,#3644,#3645);
#3329=AXIS2_PLACEMENT_3D('',#4557,#3647,#3648);
#3330=AXIS2_PLACEMENT_3D('',#4558,#3649,#3650);
#3331=AXIS2_PLACEMENT_3D('',#4559,#3651,#3652);
#3332=AXIS2_PLACEMENT_3D('',#4561,#3653,#3654);
#3333=AXIS2_PLACEMENT_3D('',#4564,#3656,#3657);
#3334=AXIS2_PLACEMENT_3D('',#4565,#3658,#3659);
#3335=AXIS2_PLACEMENT_3D('',#4566,#3660,#3661);
#3336=AXIS2_PLACEMENT_3D('',#4568,#3662,#3663);
#3337=AXIS2_PLACEMENT_3D('',#4571,#3665,#3666);
#3338=AXIS2_PLACEMENT_3D('',#4572,#3667,#3668);
#3339=AXIS2_PLACEMENT_3D('',#4573,#3669,#3670);
#3340=AXIS2_PLACEMENT_3D('',#4575,#3671,#3672);
#3341=AXIS2_PLACEMENT_3D('',#4578,#3674,#3675);
#3342=AXIS2_PLACEMENT_3D('',#4579,#3676,#3677);
#3343=AXIS2_PLACEMENT_3D('',#4580,#3678,#3679);
#3344=AXIS2_PLACEMENT_3D('',#4582,#3680,#3681);
#3345=AXIS2_PLACEMENT_3D('',#4585,#3683,#3684);
#3346=AXIS2_PLACEMENT_3D('',#4586,#3685,#3686);
#3347=AXIS2_PLACEMENT_3D('',#4587,#3687,#3688);
#3348=AXIS2_PLACEMENT_3D('',#4589,#3689,#3690);
#3349=AXIS2_PLACEMENT_3D('',#4592,#3692,#3693);
#3350=AXIS2_PLACEMENT_3D('',#4593,#3694,#3695);
#3351=AXIS2_PLACEMENT_3D('',#4594,#3696,#3697);
#3352=AXIS2_PLACEMENT_3D('',#4596,#3698,#3699);
#3353=AXIS2_PLACEMENT_3D('',#4599,#3701,#3702);
#3354=AXIS2_PLACEMENT_3D('',#4600,#3703,#3704);
#3355=AXIS2_PLACEMENT_3D('',#4601,#3705,#3706);
#3356=AXIS2_PLACEMENT_3D('',#4603,#3707,#3708);
#3357=AXIS2_PLACEMENT_3D('',#4606,#3710,#3711);
#3358=AXIS2_PLACEMENT_3D('',#4607,#3712,#3713);
#3359=AXIS2_PLACEMENT_3D('',#4608,#3714,#3715);
#3360=AXIS2_PLACEMENT_3D('',#4610,#3716,#3717);
#3361=AXIS2_PLACEMENT_3D('',#4613,#3719,#3720);
#3362=AXIS2_PLACEMENT_3D('',#4614,#3721,#3722);
#3363=AXIS2_PLACEMENT_3D('',#4615,#3723,#3724);
#3364=AXIS2_PLACEMENT_3D('',#4617,#3725,#3726);
#3365=AXIS2_PLACEMENT_3D('',#4620,#3728,#3729);
#3366=AXIS2_PLACEMENT_3D('',#4621,#3730,#3731);
#3367=AXIS2_PLACEMENT_3D('',#4622,#3732,#3733);
#3368=AXIS2_PLACEMENT_3D('',#4624,#3734,#3735);
#3369=AXIS2_PLACEMENT_3D('',#4627,#3737,#3738);
#3370=AXIS2_PLACEMENT_3D('',#4628,#3739,#3740);
#3371=AXIS2_PLACEMENT_3D('',#4629,#3741,#3742);
#3372=AXIS2_PLACEMENT_3D('',#4631,#3743,#3744);
#3373=AXIS2_PLACEMENT_3D('',#4634,#3746,#3747);
#3374=AXIS2_PLACEMENT_3D('',#4635,#3748,#3749);
#3375=AXIS2_PLACEMENT_3D('',#4636,#3750,#3751);
#3376=AXIS2_PLACEMENT_3D('',#4638,#3752,#3753);
#3377=AXIS2_PLACEMENT_3D('',#4641,#3755,#3756);
#3378=AXIS2_PLACEMENT_3D('',#4642,#3757,#3758);
#3379=AXIS2_PLACEMENT_3D('',#4643,#3759,#3760);
#3380=AXIS2_PLACEMENT_3D('',#4645,#3761,#3762);
#3381=AXIS2_PLACEMENT_3D('',#4648,#3764,#3765);
#3382=AXIS2_PLACEMENT_3D('',#4649,#3766,#3767);
#3383=AXIS2_PLACEMENT_3D('',#4650,#3768,#3769);
#3384=AXIS2_PLACEMENT_3D('',#4652,#3770,#3771);
#3385=AXIS2_PLACEMENT_3D('',#4655,#3773,#3774);
#3386=AXIS2_PLACEMENT_3D('',#4656,#3775,#3776);
#3387=AXIS2_PLACEMENT_3D('',#4657,#3777,#3778);
#3388=AXIS2_PLACEMENT_3D('',#4659,#3779,#3780);
#3389=AXIS2_PLACEMENT_3D('',#4662,#3782,#3783);
#3390=AXIS2_PLACEMENT_3D('',#4663,#3784,#3785);
#3391=AXIS2_PLACEMENT_3D('',#4664,#3786,#3787);
#3392=AXIS2_PLACEMENT_3D('',#4666,#3788,#3789);
#3393=AXIS2_PLACEMENT_3D('',#4669,#3791,#3792);
#3394=AXIS2_PLACEMENT_3D('',#4670,#3793,#3794);
#3395=AXIS2_PLACEMENT_3D('',#4671,#3795,#3796);
#3396=AXIS2_PLACEMENT_3D('',#4673,#3797,#3798);
#3397=AXIS2_PLACEMENT_3D('',#4676,#3800,#3801);
#3398=AXIS2_PLACEMENT_3D('',#4677,#3802,#3803);
#3399=AXIS2_PLACEMENT_3D('',#4678,#3804,#3805);
#3400=AXIS2_PLACEMENT_3D('',#4680,#3806,#3807);
#3401=AXIS2_PLACEMENT_3D('',#4683,#3809,#3810);
#3402=AXIS2_PLACEMENT_3D('',#4684,#3811,#3812);
#3403=AXIS2_PLACEMENT_3D('',#4685,#3813,#3814);
#3404=AXIS2_PLACEMENT_3D('',#4687,#3815,#3816);
#3405=AXIS2_PLACEMENT_3D('',#4690,#3818,#3819);
#3406=AXIS2_PLACEMENT_3D('',#4691,#3820,#3821);
#3407=AXIS2_PLACEMENT_3D('',#4692,#3822,#3823);
#3408=AXIS2_PLACEMENT_3D('',#4694,#3824,#3825);
#3409=AXIS2_PLACEMENT_3D('',#4697,#3827,#3828);
#3410=AXIS2_PLACEMENT_3D('',#4698,#3829,#3830);
#3411=AXIS2_PLACEMENT_3D('',#4699,#3831,#3832);
#3412=AXIS2_PLACEMENT_3D('',#4701,#3833,#3834);
#3413=AXIS2_PLACEMENT_3D('',#4704,#3836,#3837);
#3414=AXIS2_PLACEMENT_3D('',#4705,#3838,#3839);
#3415=AXIS2_PLACEMENT_3D('',#4706,#3840,#3841);
#3416=AXIS2_PLACEMENT_3D('',#4708,#3842,#3843);
#3417=AXIS2_PLACEMENT_3D('',#4711,#3845,#3846);
#3418=AXIS2_PLACEMENT_3D('',#4712,#3847,#3848);
#3419=AXIS2_PLACEMENT_3D('',#4713,#3849,#3850);
#3420=AXIS2_PLACEMENT_3D('',#4715,#3851,#3852);
#3421=AXIS2_PLACEMENT_3D('',#4718,#3854,#3855);
#3422=AXIS2_PLACEMENT_3D('',#4719,#3856,#3857);
#3423=AXIS2_PLACEMENT_3D('',#4720,#3858,#3859);
#3424=AXIS2_PLACEMENT_3D('',#4722,#3860,#3861);
#3425=AXIS2_PLACEMENT_3D('',#4725,#3863,#3864);
#3426=AXIS2_PLACEMENT_3D('',#4726,#3865,#3866);
#3427=AXIS2_PLACEMENT_3D('',#4727,#3867,#3868);
#3428=AXIS2_PLACEMENT_3D('',#4729,#3869,#3870);
#3429=AXIS2_PLACEMENT_3D('',#4732,#3872,#3873);
#3430=AXIS2_PLACEMENT_3D('',#4733,#3874,#3875);
#3431=AXIS2_PLACEMENT_3D('',#4734,#3876,#3877);
#3432=AXIS2_PLACEMENT_3D('',#4736,#3878,#3879);
#3433=AXIS2_PLACEMENT_3D('',#4739,#3881,#3882);
#3434=AXIS2_PLACEMENT_3D('',#4740,#3883,#3884);
#3435=AXIS2_PLACEMENT_3D('',#4741,#3885,#3886);
#3436=AXIS2_PLACEMENT_3D('',#4743,#3887,#3888);
#3437=AXIS2_PLACEMENT_3D('',#4746,#3890,#3891);
#3438=AXIS2_PLACEMENT_3D('',#4747,#3892,#3893);
#3439=AXIS2_PLACEMENT_3D('',#4748,#3894,#3895);
#3440=AXIS2_PLACEMENT_3D('',#4750,#3896,#3897);
#3441=AXIS2_PLACEMENT_3D('',#4753,#3899,#3900);
#3442=AXIS2_PLACEMENT_3D('',#4754,#3901,#3902);
#3443=AXIS2_PLACEMENT_3D('',#4755,#3903,#3904);
#3444=AXIS2_PLACEMENT_3D('',#4757,#3905,#3906);
#3445=AXIS2_PLACEMENT_3D('',#4760,#3908,#3909);
#3446=AXIS2_PLACEMENT_3D('',#4761,#3910,#3911);
#3447=AXIS2_PLACEMENT_3D('',#4762,#3912,#3913);
#3448=AXIS2_PLACEMENT_3D('',#4772,#3918,#3919);
#3449=AXIS2_PLACEMENT_3D('',#4773,#3920,#3921);
#3450=AXIS2_PLACEMENT_3D('',#4778,#3923,#3924);
#3451=AXIS2_PLACEMENT_3D('',#4784,#3928,#3929);
#3452=AXIS2_PLACEMENT_3D('',#4788,#3931,#3932);
#3453=AXIS2_PLACEMENT_3D('',#4791,#3934,#3935);
#3454=AXIS2_PLACEMENT_3D('',#4792,#3936,#3937);
#3455=AXIS2_PLACEMENT_3D('',#4796,#3940,#3941);
#3456=AXIS2_PLACEMENT_3D('',#4802,#3945,#3946);
#3457=AXIS2_PLACEMENT_3D('',#4811,#3951,#3952);
#3458=AXIS2_PLACEMENT_3D('',#4815,#3954,#3955);
#3459=AXIS2_PLACEMENT_3D('',#4819,#3957,#3958);
#3460=AXIS2_PLACEMENT_3D('',#4823,#3960,#3961);
#3461=AXIS2_PLACEMENT_3D('',#4825,#3963,#3964);
#3462=AXIS2_PLACEMENT_3D('',#4829,#3967,#3968);
#3463=AXIS2_PLACEMENT_3D('',#4833,#3971,#3972);
#3464=AXIS2_PLACEMENT_3D('',#4835,#3974,#3975);
#3465=AXIS2_PLACEMENT_3D('',#4841,#3979,#3980);
#3466=AXIS2_PLACEMENT_3D('',#4842,#3981,#3982);
#3467=AXIS2_PLACEMENT_3D('',#4843,#3983,#3984);
#3468=AXIS2_PLACEMENT_3D('',#4844,#3985,#3986);
#3469=AXIS2_PLACEMENT_3D('',#4846,#3988,#3989);
#3470=AXIS2_PLACEMENT_3D('',#4855,#3994,#3995);
#3471=AXIS2_PLACEMENT_3D('',#4857,#3996,#3997);
#3472=AXIS2_PLACEMENT_3D('',#4860,#3999,#4000);
#3473=AXIS2_PLACEMENT_3D('',#4861,#4001,#4002);
#3474=AXIS2_PLACEMENT_3D('',#4867,#4006,#4007);
#3475=AXIS2_PLACEMENT_3D('',#4869,#4008,#4009);
#3476=AXIS2_PLACEMENT_3D('',#4872,#4011,#4012);
#3477=AXIS2_PLACEMENT_3D('',#4873,#4013,#4014);
#3478=AXIS2_PLACEMENT_3D('',#4879,#4018,#4019);
#3479=AXIS2_PLACEMENT_3D('',#4881,#4020,#4021);
#3480=AXIS2_PLACEMENT_3D('',#4884,#4023,#4024);
#3481=AXIS2_PLACEMENT_3D('',#4885,#4025,#4026);
#3482=AXIS2_PLACEMENT_3D('',#4891,#4030,#4031);
#3483=AXIS2_PLACEMENT_3D('',#4892,#4032,#4033);
#3484=AXIS2_PLACEMENT_3D('',#4893,#4034,#4035);
#3485=AXIS2_PLACEMENT_3D('',#4894,#4036,#4037);
#3486=AXIS2_PLACEMENT_3D('',#4897,#4040,#4041);
#3487=AXIS2_PLACEMENT_3D('',#4899,#4043,#4044);
#3488=AXIS2_PLACEMENT_3D('',#4901,#4046,#4047);
#3489=AXIS2_PLACEMENT_3D('',#4903,#4049,#4050);
#3490=AXIS2_PLACEMENT_3D('',#4904,#4051,#4052);
#3491=AXIS2_PLACEMENT_3D('',#4906,#4054,#4055);
#3492=AXIS2_PLACEMENT_3D('',#4908,#4057,#4058);
#3493=AXIS2_PLACEMENT_3D('',#4910,#4060,#4061);
#3494=AXIS2_PLACEMENT_3D('',#4911,#4062,#4063);
#3495=AXIS2_PLACEMENT_3D('',#4912,#4064,#4065);
#3496=AXIS2_PLACEMENT_3D('',#4919,#4069,#4070);
#3497=AXIS2_PLACEMENT_3D('',#4925,#4074,#4075);
#3498=AXIS2_PLACEMENT_3D('',#4929,#4078,#4079);
#3499=AXIS2_PLACEMENT_3D('',#5093,#4162,#4163);
#3500=AXIS2_PLACEMENT_3D('',#5100,#4167,#4168);
#3501=AXIS2_PLACEMENT_3D('',#5106,#4172,#4173);
#3502=AXIS2_PLACEMENT_3D('',#5110,#4176,#4177);
#3503=AXIS2_PLACEMENT_3D('',#5116,#4181,#4182);
#3504=AXIS2_PLACEMENT_3D('',#5120,#4185,#4186);
#3505=AXIS2_PLACEMENT_3D('',#5124,#4189,#4190);
#3506=AXIS2_PLACEMENT_3D('',#5130,#4194,#4195);
#3507=AXIS2_PLACEMENT_3D('',#5134,#4198,#4199);
#3508=AXIS2_PLACEMENT_3D('',#5138,#4202,#4203);
#3509=AXIS2_PLACEMENT_3D('',#5144,#4207,#4208);
#3510=AXIS2_PLACEMENT_3D('',#5148,#4211,#4212);
#3511=AXIS2_PLACEMENT_3D('',#5152,#4215,#4216);
#3512=AXIS2_PLACEMENT_3D('',#5158,#4220,#4221);
#3513=AXIS2_PLACEMENT_3D('',#5162,#4224,#4225);
#3514=AXIS2_PLACEMENT_3D('',#5166,#4228,#4229);
#3515=AXIS2_PLACEMENT_3D('',#5172,#4233,#4234);
#3516=AXIS2_PLACEMENT_3D('',#5176,#4237,#4238);
#3517=AXIS2_PLACEMENT_3D('',#5180,#4241,#4242);
#3518=AXIS2_PLACEMENT_3D('',#5186,#4246,#4247);
#3519=AXIS2_PLACEMENT_3D('',#5190,#4250,#4251);
#3520=AXIS2_PLACEMENT_3D('',#5194,#4254,#4255);
#3521=AXIS2_PLACEMENT_3D('',#5200,#4259,#4260);
#3522=AXIS2_PLACEMENT_3D('',#5204,#4263,#4264);
#3523=AXIS2_PLACEMENT_3D('',#5208,#4267,#4268);
#3524=AXIS2_PLACEMENT_3D('',#5214,#4272,#4273);
#3525=AXIS2_PLACEMENT_3D('',#5218,#4276,#4277);
#3526=AXIS2_PLACEMENT_3D('',#5222,#4280,#4281);
#3527=AXIS2_PLACEMENT_3D('',#5228,#4285,#4286);
#3528=AXIS2_PLACEMENT_3D('',#5232,#4289,#4290);
#3529=AXIS2_PLACEMENT_3D('',#5236,#4293,#4294);
#3530=AXIS2_PLACEMENT_3D('',#5242,#4298,#4299);
#3531=AXIS2_PLACEMENT_3D('',#5246,#4302,#4303);
#3532=AXIS2_PLACEMENT_3D('',#5250,#4306,#4307);
#3533=AXIS2_PLACEMENT_3D('',#5256,#4311,#4312);
#3534=AXIS2_PLACEMENT_3D('',#5260,#4315,#4316);
#3535=AXIS2_PLACEMENT_3D('',#5264,#4319,#4320);
#3536=AXIS2_PLACEMENT_3D('',#5270,#4324,#4325);
#3537=AXIS2_PLACEMENT_3D('',#5274,#4328,#4329);
#3538=AXIS2_PLACEMENT_3D('',#5278,#4332,#4333);
#3539=AXIS2_PLACEMENT_3D('',#5284,#4337,#4338);
#3540=AXIS2_PLACEMENT_3D('',#5288,#4341,#4342);
#3541=AXIS2_PLACEMENT_3D('',#5292,#4345,#4346);
#3542=AXIS2_PLACEMENT_3D('',#5298,#4350,#4351);
#3543=AXIS2_PLACEMENT_3D('',#5302,#4354,#4355);
#3544=AXIS2_PLACEMENT_3D('',#5306,#4358,#4359);
#3545=AXIS2_PLACEMENT_3D('',#5312,#4363,#4364);
#3546=AXIS2_PLACEMENT_3D('',#5316,#4367,#4368);
#3547=AXIS2_PLACEMENT_3D('',#5320,#4371,#4372);
#3548=AXIS2_PLACEMENT_3D('',#5326,#4376,#4377);
#3549=AXIS2_PLACEMENT_3D('',#5330,#4380,#4381);
#3550=AXIS2_PLACEMENT_3D('',#5334,#4384,#4385);
#3551=AXIS2_PLACEMENT_3D('',#5340,#4389,#4390);
#3552=AXIS2_PLACEMENT_3D('',#5344,#4393,#4394);
#3553=AXIS2_PLACEMENT_3D('',#5348,#4397,#4398);
#3554=AXIS2_PLACEMENT_3D('',#5354,#4402,#4403);
#3555=AXIS2_PLACEMENT_3D('',#5358,#4406,#4407);
#3556=AXIS2_PLACEMENT_3D('',#5362,#4410,#4411);
#3557=AXIS2_PLACEMENT_3D('',#5368,#4415,#4416);
#3558=AXIS2_PLACEMENT_3D('',#5372,#4419,#4420);
#3559=AXIS2_PLACEMENT_3D('',#5376,#4423,#4424);
#3560=AXIS2_PLACEMENT_3D('',#5380,#4427,#4428);
#3561=AXIS2_PLACEMENT_3D('',#5382,#4430,#4431);
#3562=AXIS2_PLACEMENT_3D('',#5384,#4433,#4434);
#3563=AXIS2_PLACEMENT_3D('',#5386,#4436,#4437);
#3564=AXIS2_PLACEMENT_3D('',#5388,#4439,#4440);
#3565=AXIS2_PLACEMENT_3D('',#5390,#4442,#4443);
#3566=AXIS2_PLACEMENT_3D('',#5392,#4445,#4446);
#3567=AXIS2_PLACEMENT_3D('',#5394,#4448,#4449);
#3568=AXIS2_PLACEMENT_3D('',#5396,#4451,#4452);
#3569=AXIS2_PLACEMENT_3D('',#5398,#4454,#4455);
#3570=AXIS2_PLACEMENT_3D('',#5400,#4457,#4458);
#3571=AXIS2_PLACEMENT_3D('',#5402,#4460,#4461);
#3572=AXIS2_PLACEMENT_3D('',#5404,#4463,#4464);
#3573=AXIS2_PLACEMENT_3D('',#5406,#4466,#4467);
#3574=AXIS2_PLACEMENT_3D('',#5408,#4469,#4470);
#3575=AXIS2_PLACEMENT_3D('',#5410,#4472,#4473);
#3576=AXIS2_PLACEMENT_3D('',#5412,#4475,#4476);
#3577=AXIS2_PLACEMENT_3D('',#5414,#4478,#4479);
#3578=AXIS2_PLACEMENT_3D('',#5416,#4481,#4482);
#3579=AXIS2_PLACEMENT_3D('',#5420,#4485,#4486);
#3580=AXIS2_PLACEMENT_3D('',#5424,#4489,#4490);
#3581=AXIS2_PLACEMENT_3D('',#5428,#4493,#4494);
#3582=AXIS2_PLACEMENT_3D('',#5432,#4497,#4498);
#3583=AXIS2_PLACEMENT_3D('',#5435,#4501,#4502);
#3584=AXIS2_PLACEMENT_3D('',#5437,#4504,#4505);
#3585=AXIS2_PLACEMENT_3D('',#5439,#4507,#4508);
#3586=DIRECTION('axis',(0.,0.,1.));
#3587=DIRECTION('refdir',(1.,0.,0.));
#3588=DIRECTION('center_axis',(0.,-1.,0.));
#3589=DIRECTION('ref_axis',(-1.,0.,0.));
#3590=DIRECTION('center_axis',(0.,-1.,0.));
#3591=DIRECTION('ref_axis',(-1.,0.,0.));
#3592=DIRECTION('',(0.,-1.,0.));
#3593=DIRECTION('center_axis',(0.,-1.,0.));
#3594=DIRECTION('ref_axis',(-1.,0.,0.));
#3595=DIRECTION('center_axis',(0.,1.,0.));
#3596=DIRECTION('ref_axis',(-1.,0.,0.));
#3597=DIRECTION('center_axis',(0.,-1.,0.));
#3598=DIRECTION('ref_axis',(-1.,0.,0.));
#3599=DIRECTION('center_axis',(0.,-1.,0.));
#3600=DIRECTION('ref_axis',(-1.,0.,0.));
#3601=DIRECTION('',(0.,-1.,0.));
#3602=DIRECTION('center_axis',(0.,-1.,0.));
#3603=DIRECTION('ref_axis',(-1.,0.,0.));
#3604=DIRECTION('center_axis',(0.,1.,0.));
#3605=DIRECTION('ref_axis',(-1.,0.,0.));
#3606=DIRECTION('center_axis',(0.,-1.,0.));
#3607=DIRECTION('ref_axis',(-1.,0.,0.));
#3608=DIRECTION('center_axis',(0.,-1.,0.));
#3609=DIRECTION('ref_axis',(-1.,0.,0.));
#3610=DIRECTION('',(0.,-1.,0.));
#3611=DIRECTION('center_axis',(0.,-1.,0.));
#3612=DIRECTION('ref_axis',(-1.,0.,0.));
#3613=DIRECTION('center_axis',(0.,1.,0.));
#3614=DIRECTION('ref_axis',(-1.,0.,0.));
#3615=DIRECTION('center_axis',(0.,-1.,0.));
#3616=DIRECTION('ref_axis',(-1.,0.,0.));
#3617=DIRECTION('center_axis',(0.,-1.,0.));
#3618=DIRECTION('ref_axis',(-1.,0.,0.));
#3619=DIRECTION('',(0.,-1.,0.));
#3620=DIRECTION('center_axis',(0.,-1.,0.));
#3621=DIRECTION('ref_axis',(-1.,0.,0.));
#3622=DIRECTION('center_axis',(0.,1.,0.));
#3623=DIRECTION('ref_axis',(-1.,0.,0.));
#3624=DIRECTION('center_axis',(0.,-1.,0.));
#3625=DIRECTION('ref_axis',(-1.,0.,0.));
#3626=DIRECTION('center_axis',(0.,-1.,0.));
#3627=DIRECTION('ref_axis',(-1.,0.,0.));
#3628=DIRECTION('',(0.,-1.,0.));
#3629=DIRECTION('center_axis',(0.,-1.,0.));
#3630=DIRECTION('ref_axis',(-1.,0.,0.));
#3631=DIRECTION('center_axis',(0.,1.,0.));
#3632=DIRECTION('ref_axis',(-1.,0.,0.));
#3633=DIRECTION('center_axis',(0.,-1.,0.));
#3634=DIRECTION('ref_axis',(-1.,0.,0.));
#3635=DIRECTION('center_axis',(0.,-1.,0.));
#3636=DIRECTION('ref_axis',(-1.,0.,0.));
#3637=DIRECTION('',(0.,-1.,0.));
#3638=DIRECTION('center_axis',(0.,-1.,0.));
#3639=DIRECTION('ref_axis',(-1.,0.,0.));
#3640=DIRECTION('center_axis',(0.,1.,0.));
#3641=DIRECTION('ref_axis',(-1.,0.,0.));
#3642=DIRECTION('center_axis',(0.,-1.,0.));
#3643=DIRECTION('ref_axis',(-1.,0.,0.));
#3644=DIRECTION('center_axis',(0.,-1.,0.));
#3645=DIRECTION('ref_axis',(-1.,0.,0.));
#3646=DIRECTION('',(0.,-1.,0.));
#3647=DIRECTION('center_axis',(0.,-1.,0.));
#3648=DIRECTION('ref_axis',(-1.,0.,0.));
#3649=DIRECTION('center_axis',(0.,1.,0.));
#3650=DIRECTION('ref_axis',(-1.,0.,0.));
#3651=DIRECTION('center_axis',(0.,-1.,0.));
#3652=DIRECTION('ref_axis',(-1.,0.,0.));
#3653=DIRECTION('center_axis',(0.,-1.,0.));
#3654=DIRECTION('ref_axis',(-1.,0.,0.));
#3655=DIRECTION('',(0.,-1.,0.));
#3656=DIRECTION('center_axis',(0.,-1.,0.));
#3657=DIRECTION('ref_axis',(-1.,0.,0.));
#3658=DIRECTION('center_axis',(0.,1.,0.));
#3659=DIRECTION('ref_axis',(-1.,0.,0.));
#3660=DIRECTION('center_axis',(0.,-1.,0.));
#3661=DIRECTION('ref_axis',(-1.,0.,0.));
#3662=DIRECTION('center_axis',(0.,-1.,0.));
#3663=DIRECTION('ref_axis',(-1.,0.,0.));
#3664=DIRECTION('',(0.,-1.,0.));
#3665=DIRECTION('center_axis',(0.,-1.,0.));
#3666=DIRECTION('ref_axis',(-1.,0.,0.));
#3667=DIRECTION('center_axis',(0.,1.,0.));
#3668=DIRECTION('ref_axis',(-1.,0.,0.));
#3669=DIRECTION('center_axis',(0.,-1.,0.));
#3670=DIRECTION('ref_axis',(-1.,0.,0.));
#3671=DIRECTION('center_axis',(0.,-1.,0.));
#3672=DIRECTION('ref_axis',(-1.,0.,0.));
#3673=DIRECTION('',(0.,-1.,0.));
#3674=DIRECTION('center_axis',(0.,-1.,0.));
#3675=DIRECTION('ref_axis',(-1.,0.,0.));
#3676=DIRECTION('center_axis',(0.,1.,0.));
#3677=DIRECTION('ref_axis',(-1.,0.,0.));
#3678=DIRECTION('center_axis',(0.,-1.,0.));
#3679=DIRECTION('ref_axis',(-1.,0.,0.));
#3680=DIRECTION('center_axis',(0.,-1.,0.));
#3681=DIRECTION('ref_axis',(-1.,0.,0.));
#3682=DIRECTION('',(0.,-1.,0.));
#3683=DIRECTION('center_axis',(0.,-1.,0.));
#3684=DIRECTION('ref_axis',(-1.,0.,0.));
#3685=DIRECTION('center_axis',(0.,1.,0.));
#3686=DIRECTION('ref_axis',(-1.,0.,0.));
#3687=DIRECTION('center_axis',(0.,-1.,0.));
#3688=DIRECTION('ref_axis',(-1.,0.,0.));
#3689=DIRECTION('center_axis',(0.,-1.,0.));
#3690=DIRECTION('ref_axis',(-1.,0.,0.));
#3691=DIRECTION('',(0.,-1.,0.));
#3692=DIRECTION('center_axis',(0.,-1.,0.));
#3693=DIRECTION('ref_axis',(-1.,0.,0.));
#3694=DIRECTION('center_axis',(0.,1.,0.));
#3695=DIRECTION('ref_axis',(-1.,0.,0.));
#3696=DIRECTION('center_axis',(0.,-1.,0.));
#3697=DIRECTION('ref_axis',(-1.,0.,0.));
#3698=DIRECTION('center_axis',(0.,-1.,0.));
#3699=DIRECTION('ref_axis',(-1.,0.,0.));
#3700=DIRECTION('',(0.,-1.,0.));
#3701=DIRECTION('center_axis',(0.,-1.,0.));
#3702=DIRECTION('ref_axis',(-1.,0.,0.));
#3703=DIRECTION('center_axis',(0.,1.,0.));
#3704=DIRECTION('ref_axis',(-1.,0.,0.));
#3705=DIRECTION('center_axis',(0.,-1.,0.));
#3706=DIRECTION('ref_axis',(0.,0.,1.));
#3707=DIRECTION('center_axis',(0.,-1.,0.));
#3708=DIRECTION('ref_axis',(0.,0.,1.));
#3709=DIRECTION('',(0.,-1.,0.));
#3710=DIRECTION('center_axis',(0.,-1.,0.));
#3711=DIRECTION('ref_axis',(0.,0.,1.));
#3712=DIRECTION('center_axis',(0.,-1.,0.));
#3713=DIRECTION('ref_axis',(0.,0.,1.));
#3714=DIRECTION('center_axis',(0.,-1.,0.));
#3715=DIRECTION('ref_axis',(0.,0.,1.));
#3716=DIRECTION('center_axis',(0.,-1.,0.));
#3717=DIRECTION('ref_axis',(0.,0.,1.));
#3718=DIRECTION('',(0.,-1.,0.));
#3719=DIRECTION('center_axis',(0.,-1.,0.));
#3720=DIRECTION('ref_axis',(0.,0.,1.));
#3721=DIRECTION('center_axis',(0.,-1.,0.));
#3722=DIRECTION('ref_axis',(0.,0.,1.));
#3723=DIRECTION('center_axis',(0.,-1.,0.));
#3724=DIRECTION('ref_axis',(0.,0.,1.));
#3725=DIRECTION('center_axis',(0.,-1.,0.));
#3726=DIRECTION('ref_axis',(0.,0.,1.));
#3727=DIRECTION('',(0.,-1.,0.));
#3728=DIRECTION('center_axis',(0.,-1.,0.));
#3729=DIRECTION('ref_axis',(0.,0.,1.));
#3730=DIRECTION('center_axis',(0.,-1.,0.));
#3731=DIRECTION('ref_axis',(0.,0.,1.));
#3732=DIRECTION('center_axis',(0.,-1.,0.));
#3733=DIRECTION('ref_axis',(0.,0.,1.));
#3734=DIRECTION('center_axis',(0.,-1.,0.));
#3735=DIRECTION('ref_axis',(0.,0.,1.));
#3736=DIRECTION('',(0.,-1.,0.));
#3737=DIRECTION('center_axis',(0.,-1.,0.));
#3738=DIRECTION('ref_axis',(0.,0.,1.));
#3739=DIRECTION('center_axis',(0.,-1.,0.));
#3740=DIRECTION('ref_axis',(0.,0.,1.));
#3741=DIRECTION('center_axis',(0.,-1.,0.));
#3742=DIRECTION('ref_axis',(0.,0.,1.));
#3743=DIRECTION('center_axis',(0.,-1.,0.));
#3744=DIRECTION('ref_axis',(0.,0.,1.));
#3745=DIRECTION('',(0.,-1.,0.));
#3746=DIRECTION('center_axis',(0.,-1.,0.));
#3747=DIRECTION('ref_axis',(0.,0.,1.));
#3748=DIRECTION('center_axis',(0.,-1.,0.));
#3749=DIRECTION('ref_axis',(0.,0.,1.));
#3750=DIRECTION('center_axis',(0.,-1.,0.));
#3751=DIRECTION('ref_axis',(0.,0.,1.));
#3752=DIRECTION('center_axis',(0.,-1.,0.));
#3753=DIRECTION('ref_axis',(0.,0.,1.));
#3754=DIRECTION('',(0.,-1.,0.));
#3755=DIRECTION('center_axis',(0.,-1.,0.));
#3756=DIRECTION('ref_axis',(0.,0.,1.));
#3757=DIRECTION('center_axis',(0.,-1.,0.));
#3758=DIRECTION('ref_axis',(0.,0.,1.));
#3759=DIRECTION('center_axis',(0.,-1.,0.));
#3760=DIRECTION('ref_axis',(0.,0.,1.));
#3761=DIRECTION('center_axis',(0.,-1.,0.));
#3762=DIRECTION('ref_axis',(0.,0.,1.));
#3763=DIRECTION('',(0.,-1.,0.));
#3764=DIRECTION('center_axis',(0.,-1.,0.));
#3765=DIRECTION('ref_axis',(0.,0.,1.));
#3766=DIRECTION('center_axis',(0.,-1.,0.));
#3767=DIRECTION('ref_axis',(0.,0.,1.));
#3768=DIRECTION('center_axis',(0.,-1.,0.));
#3769=DIRECTION('ref_axis',(0.,0.,1.));
#3770=DIRECTION('center_axis',(0.,-1.,0.));
#3771=DIRECTION('ref_axis',(0.,0.,1.));
#3772=DIRECTION('',(0.,-1.,0.));
#3773=DIRECTION('center_axis',(0.,-1.,0.));
#3774=DIRECTION('ref_axis',(0.,0.,1.));
#3775=DIRECTION('center_axis',(0.,-1.,0.));
#3776=DIRECTION('ref_axis',(0.,0.,1.));
#3777=DIRECTION('center_axis',(0.,-1.,0.));
#3778=DIRECTION('ref_axis',(0.,0.,1.));
#3779=DIRECTION('center_axis',(0.,-1.,0.));
#3780=DIRECTION('ref_axis',(0.,0.,1.));
#3781=DIRECTION('',(0.,-1.,0.));
#3782=DIRECTION('center_axis',(0.,-1.,0.));
#3783=DIRECTION('ref_axis',(0.,0.,1.));
#3784=DIRECTION('center_axis',(0.,-1.,0.));
#3785=DIRECTION('ref_axis',(0.,0.,1.));
#3786=DIRECTION('center_axis',(0.,-1.,0.));
#3787=DIRECTION('ref_axis',(0.,0.,1.));
#3788=DIRECTION('center_axis',(0.,-1.,0.));
#3789=DIRECTION('ref_axis',(0.,0.,1.));
#3790=DIRECTION('',(0.,-1.,0.));
#3791=DIRECTION('center_axis',(0.,-1.,0.));
#3792=DIRECTION('ref_axis',(0.,0.,1.));
#3793=DIRECTION('center_axis',(0.,-1.,0.));
#3794=DIRECTION('ref_axis',(0.,0.,1.));
#3795=DIRECTION('center_axis',(0.,1.,0.));
#3796=DIRECTION('ref_axis',(-1.,0.,0.));
#3797=DIRECTION('center_axis',(0.,1.,0.));
#3798=DIRECTION('ref_axis',(-1.,0.,0.));
#3799=DIRECTION('',(0.,-1.,0.));
#3800=DIRECTION('center_axis',(0.,-1.,0.));
#3801=DIRECTION('ref_axis',(-1.,0.,0.));
#3802=DIRECTION('center_axis',(0.,1.,0.));
#3803=DIRECTION('ref_axis',(-1.,0.,0.));
#3804=DIRECTION('center_axis',(0.,1.,0.));
#3805=DIRECTION('ref_axis',(-1.,0.,0.));
#3806=DIRECTION('center_axis',(0.,1.,0.));
#3807=DIRECTION('ref_axis',(-1.,0.,0.));
#3808=DIRECTION('',(0.,-1.,0.));
#3809=DIRECTION('center_axis',(0.,-1.,0.));
#3810=DIRECTION('ref_axis',(-1.,0.,0.));
#3811=DIRECTION('center_axis',(0.,1.,0.));
#3812=DIRECTION('ref_axis',(-1.,0.,0.));
#3813=DIRECTION('center_axis',(0.,1.,0.));
#3814=DIRECTION('ref_axis',(-1.,0.,0.));
#3815=DIRECTION('center_axis',(0.,1.,0.));
#3816=DIRECTION('ref_axis',(-1.,0.,0.));
#3817=DIRECTION('',(0.,-1.,0.));
#3818=DIRECTION('center_axis',(0.,-1.,0.));
#3819=DIRECTION('ref_axis',(-1.,0.,0.));
#3820=DIRECTION('center_axis',(0.,1.,0.));
#3821=DIRECTION('ref_axis',(-1.,0.,0.));
#3822=DIRECTION('center_axis',(0.,1.,0.));
#3823=DIRECTION('ref_axis',(-1.,0.,0.));
#3824=DIRECTION('center_axis',(0.,1.,0.));
#3825=DIRECTION('ref_axis',(-1.,0.,0.));
#3826=DIRECTION('',(0.,-1.,0.));
#3827=DIRECTION('center_axis',(0.,-1.,0.));
#3828=DIRECTION('ref_axis',(-1.,0.,0.));
#3829=DIRECTION('center_axis',(0.,1.,0.));
#3830=DIRECTION('ref_axis',(-1.,0.,0.));
#3831=DIRECTION('center_axis',(0.,1.,0.));
#3832=DIRECTION('ref_axis',(-1.,0.,0.));
#3833=DIRECTION('center_axis',(0.,1.,0.));
#3834=DIRECTION('ref_axis',(-1.,0.,0.));
#3835=DIRECTION('',(0.,-1.,0.));
#3836=DIRECTION('center_axis',(0.,-1.,0.));
#3837=DIRECTION('ref_axis',(-1.,0.,0.));
#3838=DIRECTION('center_axis',(0.,1.,0.));
#3839=DIRECTION('ref_axis',(-1.,0.,0.));
#3840=DIRECTION('center_axis',(0.,1.,0.));
#3841=DIRECTION('ref_axis',(-1.,0.,0.));
#3842=DIRECTION('center_axis',(0.,1.,0.));
#3843=DIRECTION('ref_axis',(-1.,0.,0.));
#3844=DIRECTION('',(0.,-1.,0.));
#3845=DIRECTION('center_axis',(0.,-1.,0.));
#3846=DIRECTION('ref_axis',(-1.,0.,0.));
#3847=DIRECTION('center_axis',(0.,1.,0.));
#3848=DIRECTION('ref_axis',(-1.,0.,0.));
#3849=DIRECTION('center_axis',(0.,1.,0.));
#3850=DIRECTION('ref_axis',(-1.,0.,0.));
#3851=DIRECTION('center_axis',(0.,1.,0.));
#3852=DIRECTION('ref_axis',(-1.,0.,0.));
#3853=DIRECTION('',(0.,-1.,0.));
#3854=DIRECTION('center_axis',(0.,-1.,0.));
#3855=DIRECTION('ref_axis',(-1.,0.,0.));
#3856=DIRECTION('center_axis',(0.,1.,0.));
#3857=DIRECTION('ref_axis',(-1.,0.,0.));
#3858=DIRECTION('center_axis',(0.,1.,0.));
#3859=DIRECTION('ref_axis',(-1.,0.,0.));
#3860=DIRECTION('center_axis',(0.,1.,0.));
#3861=DIRECTION('ref_axis',(-1.,0.,0.));
#3862=DIRECTION('',(0.,-1.,0.));
#3863=DIRECTION('center_axis',(0.,-1.,0.));
#3864=DIRECTION('ref_axis',(-1.,0.,0.));
#3865=DIRECTION('center_axis',(0.,1.,0.));
#3866=DIRECTION('ref_axis',(-1.,0.,0.));
#3867=DIRECTION('center_axis',(0.,1.,0.));
#3868=DIRECTION('ref_axis',(-1.,0.,0.));
#3869=DIRECTION('center_axis',(0.,1.,0.));
#3870=DIRECTION('ref_axis',(-1.,0.,0.));
#3871=DIRECTION('',(0.,-1.,0.));
#3872=DIRECTION('center_axis',(0.,-1.,0.));
#3873=DIRECTION('ref_axis',(-1.,0.,0.));
#3874=DIRECTION('center_axis',(0.,1.,0.));
#3875=DIRECTION('ref_axis',(-1.,0.,0.));
#3876=DIRECTION('center_axis',(0.,1.,0.));
#3877=DIRECTION('ref_axis',(-1.,0.,0.));
#3878=DIRECTION('center_axis',(0.,1.,0.));
#3879=DIRECTION('ref_axis',(-1.,0.,0.));
#3880=DIRECTION('',(0.,-1.,0.));
#3881=DIRECTION('center_axis',(0.,-1.,0.));
#3882=DIRECTION('ref_axis',(-1.,0.,0.));
#3883=DIRECTION('center_axis',(0.,1.,0.));
#3884=DIRECTION('ref_axis',(-1.,0.,0.));
#3885=DIRECTION('center_axis',(0.,1.,0.));
#3886=DIRECTION('ref_axis',(-1.,0.,0.));
#3887=DIRECTION('center_axis',(0.,1.,0.));
#3888=DIRECTION('ref_axis',(-1.,0.,0.));
#3889=DIRECTION('',(0.,-1.,0.));
#3890=DIRECTION('center_axis',(0.,-1.,0.));
#3891=DIRECTION('ref_axis',(-1.,0.,0.));
#3892=DIRECTION('center_axis',(0.,1.,0.));
#3893=DIRECTION('ref_axis',(-1.,0.,0.));
#3894=DIRECTION('center_axis',(0.,1.,0.));
#3895=DIRECTION('ref_axis',(-1.,0.,0.));
#3896=DIRECTION('center_axis',(0.,1.,0.));
#3897=DIRECTION('ref_axis',(-1.,0.,0.));
#3898=DIRECTION('',(0.,-1.,0.));
#3899=DIRECTION('center_axis',(0.,-1.,0.));
#3900=DIRECTION('ref_axis',(-1.,0.,0.));
#3901=DIRECTION('center_axis',(0.,1.,0.));
#3902=DIRECTION('ref_axis',(-1.,0.,0.));
#3903=DIRECTION('center_axis',(0.,1.,0.));
#3904=DIRECTION('ref_axis',(-1.,0.,0.));
#3905=DIRECTION('center_axis',(0.,1.,0.));
#3906=DIRECTION('ref_axis',(-1.,0.,0.));
#3907=DIRECTION('',(0.,-1.,0.));
#3908=DIRECTION('center_axis',(0.,-1.,0.));
#3909=DIRECTION('ref_axis',(-1.,0.,0.));
#3910=DIRECTION('center_axis',(0.,1.,0.));
#3911=DIRECTION('ref_axis',(-1.,0.,0.));
#3912=DIRECTION('center_axis',(1.,0.,0.));
#3913=DIRECTION('ref_axis',(0.,0.,-1.));
#3914=DIRECTION('',(0.,1.,0.));
#3915=DIRECTION('',(0.,0.,1.));
#3916=DIRECTION('',(0.,-1.,0.));
#3917=DIRECTION('',(0.,0.,-1.));
#3918=DIRECTION('center_axis',(-1.,0.,0.));
#3919=DIRECTION('ref_axis',(0.,-1.,0.));
#3920=DIRECTION('center_axis',(1.,0.,0.));
#3921=DIRECTION('ref_axis',(0.,0.,-1.));
#3922=DIRECTION('',(0.,-1.,0.));
#3923=DIRECTION('center_axis',(-1.,0.,0.));
#3924=DIRECTION('ref_axis',(0.,1.,0.));
#3925=DIRECTION('',(0.,0.,-1.));
#3926=DIRECTION('',(0.,-1.,0.));
#3927=DIRECTION('',(0.,0.,1.));
#3928=DIRECTION('center_axis',(-1.,0.,0.));
#3929=DIRECTION('ref_axis',(0.,1.,0.));
#3930=DIRECTION('',(1.,0.,0.));
#3931=DIRECTION('center_axis',(-1.,0.,0.));
#3932=DIRECTION('ref_axis',(0.,1.,0.));
#3933=DIRECTION('',(-1.,0.,0.));
#3934=DIRECTION('center_axis',(-1.,0.,0.));
#3935=DIRECTION('ref_axis',(0.,1.,0.));
#3936=DIRECTION('center_axis',(0.,0.,1.));
#3937=DIRECTION('ref_axis',(-1.,0.,0.));
#3938=DIRECTION('',(-1.,0.,0.));
#3939=DIRECTION('',(0.,1.,0.));
#3940=DIRECTION('center_axis',(0.,0.,-1.));
#3941=DIRECTION('ref_axis',(1.,0.,0.));
#3942=DIRECTION('',(-1.,0.,0.));
#3943=DIRECTION('',(0.,-1.,0.));
#3944=DIRECTION('',(1.,0.,0.));
#3945=DIRECTION('center_axis',(0.,1.,0.));
#3946=DIRECTION('ref_axis',(0.,0.,1.));
#3947=DIRECTION('',(-1.,0.,0.));
#3948=DIRECTION('',(0.,0.,-1.));
#3949=DIRECTION('',(1.,0.,0.));
#3950=DIRECTION('',(0.,0.,-1.));
#3951=DIRECTION('center_axis',(0.,-1.,0.));
#3952=DIRECTION('ref_axis',(0.707106781186547,0.,-0.707106781186547));
#3953=DIRECTION('',(-1.,0.,0.));
#3954=DIRECTION('center_axis',(0.,-1.,0.));
#3955=DIRECTION('ref_axis',(-0.707106781186547,0.,-0.707106781186547));
#3956=DIRECTION('',(0.,0.,1.));
#3957=DIRECTION('center_axis',(0.,-1.,0.));
#3958=DIRECTION('ref_axis',(-0.707106781186547,0.,0.707106781186547));
#3959=DIRECTION('',(1.,0.,0.));
#3960=DIRECTION('center_axis',(0.,-1.,0.));
#3961=DIRECTION('ref_axis',(0.707106781186547,0.,0.707106781186547));
#3962=DIRECTION('',(0.,0.,-1.));
#3963=DIRECTION('center_axis',(0.,0.,-1.));
#3964=DIRECTION('ref_axis',(-1.,0.,0.));
#3965=DIRECTION('',(0.,1.,0.));
#3966=DIRECTION('',(-1.,0.,0.));
#3967=DIRECTION('center_axis',(-1.,0.,0.));
#3968=DIRECTION('ref_axis',(0.,0.,1.));
#3969=DIRECTION('',(0.,1.,0.));
#3970=DIRECTION('',(0.,0.,1.));
#3971=DIRECTION('center_axis',(0.,0.,1.));
#3972=DIRECTION('ref_axis',(1.,0.,0.));
#3973=DIRECTION('',(1.,0.,0.));
#3974=DIRECTION('center_axis',(0.,-1.,-1.11022302462516E-16));
#3975=DIRECTION('ref_axis',(0.,-1.11022302462516E-16,1.));
#3976=DIRECTION('',(0.,-1.11022302462516E-16,1.));
#3977=DIRECTION('',(-1.,0.,0.));
#3978=DIRECTION('',(0.,-1.11022302462516E-16,1.));
#3979=DIRECTION('center_axis',(-1.,0.,0.));
#3980=DIRECTION('ref_axis',(0.,-1.,0.));
#3981=DIRECTION('center_axis',(-1.,0.,0.));
#3982=DIRECTION('ref_axis',(0.,-1.,0.));
#3983=DIRECTION('center_axis',(-1.,0.,0.));
#3984=DIRECTION('ref_axis',(0.,-1.,0.));
#3985=DIRECTION('center_axis',(1.,0.,0.));
#3986=DIRECTION('ref_axis',(0.,0.,-1.));
#3987=DIRECTION('',(0.,0.,1.));
#3988=DIRECTION('center_axis',(0.,-0.707106781186548,0.707106781186547));
#3989=DIRECTION('ref_axis',(1.,0.,0.));
#3990=DIRECTION('',(0.,-0.707106781186547,-0.707106781186548));
#3991=DIRECTION('',(1.,0.,0.));
#3992=DIRECTION('',(0.,0.707106781186547,0.707106781186548));
#3993=DIRECTION('',(-1.,0.,0.));
#3994=DIRECTION('center_axis',(0.,1.,0.));
#3995=DIRECTION('ref_axis',(-0.707106781186548,0.,0.707106781186548));
#3996=DIRECTION('center_axis',(0.,-1.,0.));
#3997=DIRECTION('ref_axis',(-0.707106781186547,0.,0.707106781186547));
#3998=DIRECTION('',(0.707106781186546,-0.707106781186549,0.));
#3999=DIRECTION('center_axis',(0.,1.,0.));
#4000=DIRECTION('ref_axis',(-0.707106781186547,0.,0.707106781186547));
#4001=DIRECTION('center_axis',(-0.707106781186549,-0.707106781186546,0.));
#4002=DIRECTION('ref_axis',(0.,0.,1.));
#4003=DIRECTION('',(0.707106781186546,-0.707106781186549,0.));
#4004=DIRECTION('',(0.,0.,1.));
#4005=DIRECTION('',(0.,0.,-1.));
#4006=DIRECTION('center_axis',(0.,1.,0.));
#4007=DIRECTION('ref_axis',(-0.707106781186548,0.,-0.707106781186548));
#4008=DIRECTION('center_axis',(0.,-1.,0.));
#4009=DIRECTION('ref_axis',(-0.707106781186547,0.,-0.707106781186547));
#4010=DIRECTION('',(0.,-0.707106781186549,0.707106781186546));
#4011=DIRECTION('center_axis',(0.,1.,0.));
#4012=DIRECTION('ref_axis',(-0.707106781186548,0.,-0.707106781186548));
#4013=DIRECTION('center_axis',(0.,-0.707106781186548,-0.707106781186547));
#4014=DIRECTION('ref_axis',(-1.,0.,0.));
#4015=DIRECTION('',(0.,-0.707106781186547,0.707106781186548));
#4016=DIRECTION('',(-1.,0.,0.));
#4017=DIRECTION('',(1.,0.,0.));
#4018=DIRECTION('center_axis',(0.,1.,0.));
#4019=DIRECTION('ref_axis',(0.707106781186548,0.,-0.707106781186548));
#4020=DIRECTION('center_axis',(0.,-1.,0.));
#4021=DIRECTION('ref_axis',(0.707106781186547,0.,-0.707106781186547));
#4022=DIRECTION('',(-0.707106781186552,-0.707106781186542,0.));
#4023=DIRECTION('center_axis',(0.,1.,0.));
#4024=DIRECTION('ref_axis',(0.707106781186547,0.,-0.707106781186547));
#4025=DIRECTION('center_axis',(0.707106781186549,-0.707106781186546,0.));
#4026=DIRECTION('ref_axis',(0.,0.,-1.));
#4027=DIRECTION('',(-0.707106781186546,-0.707106781186549,0.));
#4028=DIRECTION('',(0.,0.,-1.));
#4029=DIRECTION('',(0.,0.,1.));
#4030=DIRECTION('center_axis',(0.,1.,0.));
#4031=DIRECTION('ref_axis',(0.707106781186548,0.,0.707106781186548));
#4032=DIRECTION('center_axis',(0.,-1.,0.));
#4033=DIRECTION('ref_axis',(0.707106781186547,0.,0.707106781186547));
#4034=DIRECTION('center_axis',(0.,1.,0.));
#4035=DIRECTION('ref_axis',(0.707106781186547,0.,0.707106781186547));
#4036=DIRECTION('center_axis',(0.,1.,0.));
#4037=DIRECTION('ref_axis',(-0.707106781186547,0.,-0.707106781186547));
#4038=DIRECTION('',(0.,1.,0.));
#4039=DIRECTION('',(0.,-1.,0.));
#4040=DIRECTION('center_axis',(-1.,0.,0.));
#4041=DIRECTION('ref_axis',(0.,0.,1.));
#4042=DIRECTION('',(0.,-1.,0.));
#4043=DIRECTION('center_axis',(0.,1.,0.));
#4044=DIRECTION('ref_axis',(-0.707106781186547,0.,0.707106781186547));
#4045=DIRECTION('',(0.,1.,0.));
#4046=DIRECTION('center_axis',(0.,0.,1.));
#4047=DIRECTION('ref_axis',(1.,0.,0.));
#4048=DIRECTION('',(0.,-1.,0.));
#4049=DIRECTION('center_axis',(0.,1.,0.));
#4050=DIRECTION('ref_axis',(1.,0.,0.));
#4051=DIRECTION('center_axis',(0.,0.,-1.));
#4052=DIRECTION('ref_axis',(-1.,0.,0.));
#4053=DIRECTION('',(0.,1.,0.));
#4054=DIRECTION('center_axis',(0.,1.,0.));
#4055=DIRECTION('ref_axis',(0.707106781186547,0.,-0.707106781186547));
#4056=DIRECTION('',(0.,-1.,0.));
#4057=DIRECTION('center_axis',(1.,0.,0.));
#4058=DIRECTION('ref_axis',(0.,0.,-1.));
#4059=DIRECTION('',(0.,1.,0.));
#4060=DIRECTION('center_axis',(0.,1.,0.));
#4061=DIRECTION('ref_axis',(0.707106781186547,0.,0.707106781186547));
#4062=DIRECTION('center_axis',(0.,-1.,0.));
#4063=DIRECTION('ref_axis',(0.,0.,-1.));
#4064=DIRECTION('center_axis',(0.,0.,1.));
#4065=DIRECTION('ref_axis',(0.707106781186547,-0.707106781186548,0.));
#4066=DIRECTION('',(1.,1.70803542250024E-17,0.));
#4067=DIRECTION('',(0.707106781186547,-0.707106781186548,0.));
#4068=DIRECTION('',(0.707106781186547,0.707106781186548,0.));
#4069=DIRECTION('center_axis',(-0.184154473676822,0.184154473676822,-0.965491719099457));
#4070=DIRECTION('ref_axis',(-0.682705741754683,0.682705741754684,0.260433754245441));
#4071=DIRECTION('',(0.682705741754683,-0.682705741754684,-0.260433754245441));
#4072=DIRECTION('',(-0.682705741754683,0.682705741754684,0.260433754245441));
#4073=DIRECTION('',(0.707106781186547,0.707106781186548,0.));
#4074=DIRECTION('center_axis',(0.707106781186547,0.707106781186548,0.));
#4075=DIRECTION('ref_axis',(0.,0.,-1.));
#4076=DIRECTION('',(-0.707106781186548,0.707106781186547,0.));
#4077=DIRECTION('',(0.,0.,-1.));
#4078=DIRECTION('center_axis',(0.,0.,-1.));
#4079=DIRECTION('ref_axis',(-1.,0.,0.));
#4080=DIRECTION('',(1.,1.70803542250024E-17,0.));
#4081=DIRECTION('',(-0.707106781186544,0.707106781186551,0.));
#4082=DIRECTION('',(1.,0.,0.));
#4083=DIRECTION('',(0.707106781186544,-0.707106781186551,0.));
#4084=DIRECTION('',(1.,1.70803542250024E-17,0.));
#4085=DIRECTION('',(-0.707106781186544,0.707106781186551,0.));
#4086=DIRECTION('',(1.,0.,0.));
#4087=DIRECTION('',(0.707106781186544,-0.707106781186551,0.));
#4088=DIRECTION('',(1.,1.70803542250024E-17,0.));
#4089=DIRECTION('',(-0.707106781186544,0.707106781186551,0.));
#4090=DIRECTION('',(1.,0.,0.));
#4091=DIRECTION('',(0.707106781186544,-0.707106781186551,0.));
#4092=DIRECTION('',(1.,1.70803542250024E-17,0.));
#4093=DIRECTION('',(-0.707106781186544,0.707106781186551,0.));
#4094=DIRECTION('',(1.,0.,0.));
#4095=DIRECTION('',(0.707106781186544,-0.707106781186551,0.));
#4096=DIRECTION('',(1.,1.70803542250024E-17,0.));
#4097=DIRECTION('',(-0.707106781186544,0.707106781186551,0.));
#4098=DIRECTION('',(1.,0.,0.));
#4099=DIRECTION('',(0.707106781186544,-0.707106781186551,0.));
#4100=DIRECTION('',(1.,1.70803542250024E-17,0.));
#4101=DIRECTION('',(-0.707106781186544,0.707106781186551,0.));
#4102=DIRECTION('',(1.,0.,0.));
#4103=DIRECTION('',(0.707106781186544,-0.707106781186551,0.));
#4104=DIRECTION('',(1.,1.70803542250024E-17,0.));
#4105=DIRECTION('',(-0.707106781186544,0.707106781186551,0.));
#4106=DIRECTION('',(1.,0.,0.));
#4107=DIRECTION('',(0.707106781186544,-0.707106781186551,0.));
#4108=DIRECTION('',(1.,1.70803542250024E-17,0.));
#4109=DIRECTION('',(-0.707106781186544,0.707106781186551,0.));
#4110=DIRECTION('',(1.,0.,0.));
#4111=DIRECTION('',(0.707106781186544,-0.707106781186551,0.));
#4112=DIRECTION('',(1.,1.70803542250024E-17,0.));
#4113=DIRECTION('',(-0.707106781186544,0.707106781186551,0.));
#4114=DIRECTION('',(1.,0.,0.));
#4115=DIRECTION('',(0.707106781186544,-0.707106781186551,0.));
#4116=DIRECTION('',(1.,1.70803542250024E-17,0.));
#4117=DIRECTION('',(-0.707106781186544,0.707106781186551,0.));
#4118=DIRECTION('',(1.,0.,0.));
#4119=DIRECTION('',(0.707106781186544,-0.707106781186551,0.));
#4120=DIRECTION('',(1.,1.70803542250024E-17,0.));
#4121=DIRECTION('',(-0.707106781186544,0.707106781186551,0.));
#4122=DIRECTION('',(1.,0.,0.));
#4123=DIRECTION('',(0.707106781186544,-0.707106781186551,0.));
#4124=DIRECTION('',(1.,1.70803542250024E-17,0.));
#4125=DIRECTION('',(-0.707106781186544,0.707106781186551,0.));
#4126=DIRECTION('',(1.,0.,0.));
#4127=DIRECTION('',(0.707106781186544,-0.707106781186551,0.));
#4128=DIRECTION('',(1.,1.70803542250024E-17,0.));
#4129=DIRECTION('',(-0.707106781186544,0.707106781186551,0.));
#4130=DIRECTION('',(1.,0.,0.));
#4131=DIRECTION('',(0.707106781186544,-0.707106781186551,0.));
#4132=DIRECTION('',(1.,1.70803542250024E-17,0.));
#4133=DIRECTION('',(-0.707106781186544,0.707106781186551,0.));
#4134=DIRECTION('',(1.,0.,0.));
#4135=DIRECTION('',(0.707106781186544,-0.707106781186551,0.));
#4136=DIRECTION('',(1.,1.70803542250024E-17,0.));
#4137=DIRECTION('',(-0.707106781186544,0.707106781186551,0.));
#4138=DIRECTION('',(1.,0.,0.));
#4139=DIRECTION('',(0.707106781186544,-0.707106781186551,0.));
#4140=DIRECTION('',(1.,1.70803542250024E-17,0.));
#4141=DIRECTION('',(-0.707106781186544,0.707106781186551,0.));
#4142=DIRECTION('',(1.,0.,0.));
#4143=DIRECTION('',(0.707106781186544,-0.707106781186551,0.));
#4144=DIRECTION('',(1.,1.70803542250024E-17,0.));
#4145=DIRECTION('',(-0.707106781186544,0.707106781186551,0.));
#4146=DIRECTION('',(1.,0.,0.));
#4147=DIRECTION('',(0.707106781186544,-0.707106781186551,0.));
#4148=DIRECTION('',(1.,1.70803542250024E-17,0.));
#4149=DIRECTION('',(-0.707106781186544,0.707106781186551,0.));
#4150=DIRECTION('',(1.,0.,0.));
#4151=DIRECTION('',(0.707106781186544,-0.707106781186551,0.));
#4152=DIRECTION('',(1.,1.70803542250024E-17,0.));
#4153=DIRECTION('',(-0.707106781186544,0.707106781186551,0.));
#4154=DIRECTION('',(1.,0.,0.));
#4155=DIRECTION('',(0.707106781186544,-0.707106781186551,0.));
#4156=DIRECTION('',(1.,1.70803542250024E-17,0.));
#4157=DIRECTION('',(-0.707106781186544,0.707106781186551,0.));
#4158=DIRECTION('',(1.,0.,0.));
#4159=DIRECTION('',(0.707106781186544,-0.707106781186551,0.));
#4160=DIRECTION('',(1.,1.70803542250024E-17,0.));
#4161=DIRECTION('',(-0.707106781186548,-0.707106781186547,0.));
#4162=DIRECTION('center_axis',(0.,0.,-1.));
#4163=DIRECTION('ref_axis',(-0.707106781186547,0.707106781186548,0.));
#4164=DIRECTION('',(1.,1.70803542250024E-17,0.));
#4165=DIRECTION('',(0.707106781186548,0.707106781186548,0.));
#4166=DIRECTION('',(-0.707106781186547,0.707106781186548,0.));
#4167=DIRECTION('center_axis',(-0.184154473676822,0.184154473676822,0.965491719099457));
#4168=DIRECTION('ref_axis',(0.682705741754683,-0.682705741754684,0.260433754245441));
#4169=DIRECTION('',(0.682705741754683,-0.682705741754684,0.260433754245441));
#4170=DIRECTION('',(0.707106781186548,0.707106781186548,0.));
#4171=DIRECTION('',(0.682705741754683,-0.682705741754684,0.260433754245441));
#4172=DIRECTION('center_axis',(0.707106781186548,0.707106781186548,0.));
#4173=DIRECTION('ref_axis',(0.,0.,-1.));
#4174=DIRECTION('',(8.31088871422887E-17,-8.31088871422887E-17,-1.));
#4175=DIRECTION('',(0.707106781186548,-0.707106781186548,0.));
#4176=DIRECTION('center_axis',(0.707106781186551,0.707106781186544,0.));
#4177=DIRECTION('ref_axis',(0.707106781186544,-0.707106781186551,0.));
#4178=DIRECTION('',(-0.707106781186544,0.707106781186551,0.));
#4179=DIRECTION('',(0.,0.,1.));
#4180=DIRECTION('',(0.,0.,-1.));
#4181=DIRECTION('center_axis',(0.,1.,0.));
#4182=DIRECTION('ref_axis',(1.,0.,0.));
#4183=DIRECTION('',(-1.,0.,0.));
#4184=DIRECTION('',(0.,0.,-1.));
#4185=DIRECTION('center_axis',(-0.707106781186551,-0.707106781186544,0.));
#4186=DIRECTION('ref_axis',(-0.707106781186544,0.707106781186551,0.));
#4187=DIRECTION('',(-0.707106781186544,0.707106781186551,0.));
#4188=DIRECTION('',(0.,0.,-1.));
#4189=DIRECTION('center_axis',(0.707106781186551,0.707106781186544,0.));
#4190=DIRECTION('ref_axis',(0.707106781186544,-0.707106781186551,0.));
#4191=DIRECTION('',(-0.707106781186544,0.707106781186551,0.));
#4192=DIRECTION('',(0.,0.,1.));
#4193=DIRECTION('',(0.,0.,-1.));
#4194=DIRECTION('center_axis',(0.,1.,0.));
#4195=DIRECTION('ref_axis',(1.,0.,0.));
#4196=DIRECTION('',(-1.,0.,0.));
#4197=DIRECTION('',(0.,0.,-1.));
#4198=DIRECTION('center_axis',(-0.707106781186551,-0.707106781186544,0.));
#4199=DIRECTION('ref_axis',(-0.707106781186544,0.707106781186551,0.));
#4200=DIRECTION('',(-0.707106781186544,0.707106781186551,0.));
#4201=DIRECTION('',(0.,0.,-1.));
#4202=DIRECTION('center_axis',(0.707106781186551,0.707106781186544,0.));
#4203=DIRECTION('ref_axis',(0.707106781186544,-0.707106781186551,0.));
#4204=DIRECTION('',(-0.707106781186544,0.707106781186551,0.));
#4205=DIRECTION('',(0.,0.,1.));
#4206=DIRECTION('',(0.,0.,-1.));
#4207=DIRECTION('center_axis',(0.,1.,0.));
#4208=DIRECTION('ref_axis',(1.,0.,0.));
#4209=DIRECTION('',(-1.,0.,0.));
#4210=DIRECTION('',(0.,0.,-1.));
#4211=DIRECTION('center_axis',(-0.707106781186551,-0.707106781186544,0.));
#4212=DIRECTION('ref_axis',(-0.707106781186544,0.707106781186551,0.));
#4213=DIRECTION('',(-0.707106781186544,0.707106781186551,0.));
#4214=DIRECTION('',(0.,0.,-1.));
#4215=DIRECTION('center_axis',(0.707106781186551,0.707106781186544,0.));
#4216=DIRECTION('ref_axis',(0.707106781186544,-0.707106781186551,0.));
#4217=DIRECTION('',(-0.707106781186544,0.707106781186551,0.));
#4218=DIRECTION('',(0.,0.,1.));
#4219=DIRECTION('',(0.,0.,-1.));
#4220=DIRECTION('center_axis',(0.,1.,0.));
#4221=DIRECTION('ref_axis',(1.,0.,0.));
#4222=DIRECTION('',(-1.,0.,0.));
#4223=DIRECTION('',(0.,0.,-1.));
#4224=DIRECTION('center_axis',(-0.707106781186551,-0.707106781186544,0.));
#4225=DIRECTION('ref_axis',(-0.707106781186544,0.707106781186551,0.));
#4226=DIRECTION('',(-0.707106781186544,0.707106781186551,0.));
#4227=DIRECTION('',(0.,0.,-1.));
#4228=DIRECTION('center_axis',(0.707106781186551,0.707106781186544,0.));
#4229=DIRECTION('ref_axis',(0.707106781186544,-0.707106781186551,0.));
#4230=DIRECTION('',(-0.707106781186544,0.707106781186551,0.));
#4231=DIRECTION('',(0.,0.,1.));
#4232=DIRECTION('',(0.,0.,-1.));
#4233=DIRECTION('center_axis',(0.,1.,0.));
#4234=DIRECTION('ref_axis',(1.,0.,0.));
#4235=DIRECTION('',(-1.,0.,0.));
#4236=DIRECTION('',(0.,0.,-1.));
#4237=DIRECTION('center_axis',(-0.707106781186551,-0.707106781186544,0.));
#4238=DIRECTION('ref_axis',(-0.707106781186544,0.707106781186551,0.));
#4239=DIRECTION('',(-0.707106781186544,0.707106781186551,0.));
#4240=DIRECTION('',(0.,0.,-1.));
#4241=DIRECTION('center_axis',(0.707106781186551,0.707106781186544,0.));
#4242=DIRECTION('ref_axis',(0.707106781186544,-0.707106781186551,0.));
#4243=DIRECTION('',(-0.707106781186544,0.707106781186551,0.));
#4244=DIRECTION('',(0.,0.,1.));
#4245=DIRECTION('',(0.,0.,-1.));
#4246=DIRECTION('center_axis',(0.,1.,0.));
#4247=DIRECTION('ref_axis',(1.,0.,0.));
#4248=DIRECTION('',(-1.,0.,0.));
#4249=DIRECTION('',(0.,0.,-1.));
#4250=DIRECTION('center_axis',(-0.707106781186551,-0.707106781186544,0.));
#4251=DIRECTION('ref_axis',(-0.707106781186544,0.707106781186551,0.));
#4252=DIRECTION('',(-0.707106781186544,0.707106781186551,0.));
#4253=DIRECTION('',(0.,0.,-1.));
#4254=DIRECTION('center_axis',(0.707106781186551,0.707106781186544,0.));
#4255=DIRECTION('ref_axis',(0.707106781186544,-0.707106781186551,0.));
#4256=DIRECTION('',(-0.707106781186544,0.707106781186551,0.));
#4257=DIRECTION('',(0.,0.,1.));
#4258=DIRECTION('',(0.,0.,-1.));
#4259=DIRECTION('center_axis',(0.,1.,0.));
#4260=DIRECTION('ref_axis',(1.,0.,0.));
#4261=DIRECTION('',(-1.,0.,0.));
#4262=DIRECTION('',(0.,0.,-1.));
#4263=DIRECTION('center_axis',(-0.707106781186551,-0.707106781186544,0.));
#4264=DIRECTION('ref_axis',(-0.707106781186544,0.707106781186551,0.));
#4265=DIRECTION('',(-0.707106781186544,0.707106781186551,0.));
#4266=DIRECTION('',(0.,0.,-1.));
#4267=DIRECTION('center_axis',(0.707106781186551,0.707106781186544,0.));
#4268=DIRECTION('ref_axis',(0.707106781186544,-0.707106781186551,0.));
#4269=DIRECTION('',(-0.707106781186544,0.707106781186551,0.));
#4270=DIRECTION('',(0.,0.,1.));
#4271=DIRECTION('',(0.,0.,-1.));
#4272=DIRECTION('center_axis',(0.,1.,0.));
#4273=DIRECTION('ref_axis',(1.,0.,0.));
#4274=DIRECTION('',(-1.,0.,0.));
#4275=DIRECTION('',(0.,0.,-1.));
#4276=DIRECTION('center_axis',(-0.707106781186551,-0.707106781186544,0.));
#4277=DIRECTION('ref_axis',(-0.707106781186544,0.707106781186551,0.));
#4278=DIRECTION('',(-0.707106781186544,0.707106781186551,0.));
#4279=DIRECTION('',(0.,0.,-1.));
#4280=DIRECTION('center_axis',(0.707106781186551,0.707106781186544,0.));
#4281=DIRECTION('ref_axis',(0.707106781186544,-0.707106781186551,0.));
#4282=DIRECTION('',(-0.707106781186544,0.707106781186551,0.));
#4283=DIRECTION('',(0.,0.,1.));
#4284=DIRECTION('',(0.,0.,-1.));
#4285=DIRECTION('center_axis',(0.,1.,0.));
#4286=DIRECTION('ref_axis',(1.,0.,0.));
#4287=DIRECTION('',(-1.,0.,0.));
#4288=DIRECTION('',(0.,0.,-1.));
#4289=DIRECTION('center_axis',(-0.707106781186551,-0.707106781186544,0.));
#4290=DIRECTION('ref_axis',(-0.707106781186544,0.707106781186551,0.));
#4291=DIRECTION('',(-0.707106781186544,0.707106781186551,0.));
#4292=DIRECTION('',(0.,0.,-1.));
#4293=DIRECTION('center_axis',(0.707106781186551,0.707106781186544,0.));
#4294=DIRECTION('ref_axis',(0.707106781186544,-0.707106781186551,0.));
#4295=DIRECTION('',(-0.707106781186544,0.707106781186551,0.));
#4296=DIRECTION('',(0.,0.,1.));
#4297=DIRECTION('',(0.,0.,-1.));
#4298=DIRECTION('center_axis',(0.,1.,0.));
#4299=DIRECTION('ref_axis',(1.,0.,0.));
#4300=DIRECTION('',(-1.,0.,0.));
#4301=DIRECTION('',(0.,0.,-1.));
#4302=DIRECTION('center_axis',(-0.707106781186551,-0.707106781186544,0.));
#4303=DIRECTION('ref_axis',(-0.707106781186544,0.707106781186551,0.));
#4304=DIRECTION('',(-0.707106781186544,0.707106781186551,0.));
#4305=DIRECTION('',(0.,0.,-1.));
#4306=DIRECTION('center_axis',(0.707106781186551,0.707106781186544,0.));
#4307=DIRECTION('ref_axis',(0.707106781186544,-0.707106781186551,0.));
#4308=DIRECTION('',(-0.707106781186544,0.707106781186551,0.));
#4309=DIRECTION('',(0.,0.,1.));
#4310=DIRECTION('',(0.,0.,-1.));
#4311=DIRECTION('center_axis',(0.,1.,0.));
#4312=DIRECTION('ref_axis',(1.,0.,0.));
#4313=DIRECTION('',(-1.,0.,0.));
#4314=DIRECTION('',(0.,0.,-1.));
#4315=DIRECTION('center_axis',(-0.707106781186551,-0.707106781186544,0.));
#4316=DIRECTION('ref_axis',(-0.707106781186544,0.707106781186551,0.));
#4317=DIRECTION('',(-0.707106781186544,0.707106781186551,0.));
#4318=DIRECTION('',(0.,0.,-1.));
#4319=DIRECTION('center_axis',(0.707106781186551,0.707106781186544,0.));
#4320=DIRECTION('ref_axis',(0.707106781186544,-0.707106781186551,0.));
#4321=DIRECTION('',(-0.707106781186544,0.707106781186551,0.));
#4322=DIRECTION('',(0.,0.,1.));
#4323=DIRECTION('',(0.,0.,-1.));
#4324=DIRECTION('center_axis',(0.,1.,0.));
#4325=DIRECTION('ref_axis',(1.,0.,0.));
#4326=DIRECTION('',(-1.,0.,0.));
#4327=DIRECTION('',(0.,0.,-1.));
#4328=DIRECTION('center_axis',(-0.707106781186551,-0.707106781186544,0.));
#4329=DIRECTION('ref_axis',(-0.707106781186544,0.707106781186551,0.));
#4330=DIRECTION('',(-0.707106781186544,0.707106781186551,0.));
#4331=DIRECTION('',(0.,0.,-1.));
#4332=DIRECTION('center_axis',(0.707106781186551,0.707106781186544,0.));
#4333=DIRECTION('ref_axis',(0.707106781186544,-0.707106781186551,0.));
#4334=DIRECTION('',(-0.707106781186544,0.707106781186551,0.));
#4335=DIRECTION('',(0.,0.,1.));
#4336=DIRECTION('',(0.,0.,-1.));
#4337=DIRECTION('center_axis',(0.,1.,0.));
#4338=DIRECTION('ref_axis',(1.,0.,0.));
#4339=DIRECTION('',(-1.,0.,0.));
#4340=DIRECTION('',(0.,0.,-1.));
#4341=DIRECTION('center_axis',(-0.707106781186551,-0.707106781186544,0.));
#4342=DIRECTION('ref_axis',(-0.707106781186544,0.707106781186551,0.));
#4343=DIRECTION('',(-0.707106781186544,0.707106781186551,0.));
#4344=DIRECTION('',(0.,0.,-1.));
#4345=DIRECTION('center_axis',(0.707106781186551,0.707106781186544,0.));
#4346=DIRECTION('ref_axis',(0.707106781186544,-0.707106781186551,0.));
#4347=DIRECTION('',(-0.707106781186544,0.707106781186551,0.));
#4348=DIRECTION('',(0.,0.,1.));
#4349=DIRECTION('',(0.,0.,-1.));
#4350=DIRECTION('center_axis',(0.,1.,0.));
#4351=DIRECTION('ref_axis',(1.,0.,0.));
#4352=DIRECTION('',(-1.,0.,0.));
#4353=DIRECTION('',(0.,0.,-1.));
#4354=DIRECTION('center_axis',(-0.707106781186551,-0.707106781186544,0.));
#4355=DIRECTION('ref_axis',(-0.707106781186544,0.707106781186551,0.));
#4356=DIRECTION('',(-0.707106781186544,0.707106781186551,0.));
#4357=DIRECTION('',(0.,0.,-1.));
#4358=DIRECTION('center_axis',(0.707106781186551,0.707106781186544,0.));
#4359=DIRECTION('ref_axis',(0.707106781186544,-0.707106781186551,0.));
#4360=DIRECTION('',(-0.707106781186544,0.707106781186551,0.));
#4361=DIRECTION('',(0.,0.,1.));
#4362=DIRECTION('',(0.,0.,-1.));
#4363=DIRECTION('center_axis',(0.,1.,0.));
#4364=DIRECTION('ref_axis',(1.,0.,0.));
#4365=DIRECTION('',(-1.,0.,0.));
#4366=DIRECTION('',(0.,0.,-1.));
#4367=DIRECTION('center_axis',(-0.707106781186551,-0.707106781186544,0.));
#4368=DIRECTION('ref_axis',(-0.707106781186544,0.707106781186551,0.));
#4369=DIRECTION('',(-0.707106781186544,0.707106781186551,0.));
#4370=DIRECTION('',(0.,0.,-1.));
#4371=DIRECTION('center_axis',(0.707106781186551,0.707106781186544,0.));
#4372=DIRECTION('ref_axis',(0.707106781186544,-0.707106781186551,0.));
#4373=DIRECTION('',(-0.707106781186544,0.707106781186551,0.));
#4374=DIRECTION('',(0.,0.,1.));
#4375=DIRECTION('',(0.,0.,-1.));
#4376=DIRECTION('center_axis',(0.,1.,0.));
#4377=DIRECTION('ref_axis',(1.,0.,0.));
#4378=DIRECTION('',(-1.,0.,0.));
#4379=DIRECTION('',(0.,0.,-1.));
#4380=DIRECTION('center_axis',(-0.707106781186551,-0.707106781186544,0.));
#4381=DIRECTION('ref_axis',(-0.707106781186544,0.707106781186551,0.));
#4382=DIRECTION('',(-0.707106781186544,0.707106781186551,0.));
#4383=DIRECTION('',(0.,0.,-1.));
#4384=DIRECTION('center_axis',(0.707106781186551,0.707106781186544,0.));
#4385=DIRECTION('ref_axis',(0.707106781186544,-0.707106781186551,0.));
#4386=DIRECTION('',(-0.707106781186544,0.707106781186551,0.));
#4387=DIRECTION('',(0.,0.,1.));
#4388=DIRECTION('',(0.,0.,-1.));
#4389=DIRECTION('center_axis',(0.,1.,0.));
#4390=DIRECTION('ref_axis',(1.,0.,0.));
#4391=DIRECTION('',(-1.,0.,0.));
#4392=DIRECTION('',(0.,0.,-1.));
#4393=DIRECTION('center_axis',(-0.707106781186551,-0.707106781186544,0.));
#4394=DIRECTION('ref_axis',(-0.707106781186544,0.707106781186551,0.));
#4395=DIRECTION('',(-0.707106781186544,0.707106781186551,0.));
#4396=DIRECTION('',(0.,0.,-1.));
#4397=DIRECTION('center_axis',(0.707106781186551,0.707106781186544,0.));
#4398=DIRECTION('ref_axis',(0.707106781186544,-0.707106781186551,0.));
#4399=DIRECTION('',(-0.707106781186544,0.707106781186551,0.));
#4400=DIRECTION('',(0.,0.,1.));
#4401=DIRECTION('',(0.,0.,-1.));
#4402=DIRECTION('center_axis',(0.,1.,0.));
#4403=DIRECTION('ref_axis',(1.,0.,0.));
#4404=DIRECTION('',(-1.,0.,0.));
#4405=DIRECTION('',(0.,0.,-1.));
#4406=DIRECTION('center_axis',(-0.707106781186551,-0.707106781186544,0.));
#4407=DIRECTION('ref_axis',(-0.707106781186544,0.707106781186551,0.));
#4408=DIRECTION('',(-0.707106781186544,0.707106781186551,0.));
#4409=DIRECTION('',(0.,0.,-1.));
#4410=DIRECTION('center_axis',(0.707106781186551,0.707106781186544,0.));
#4411=DIRECTION('ref_axis',(0.707106781186544,-0.707106781186551,0.));
#4412=DIRECTION('',(-0.707106781186544,0.707106781186551,0.));
#4413=DIRECTION('',(0.,0.,1.));
#4414=DIRECTION('',(0.,0.,-1.));
#4415=DIRECTION('center_axis',(0.,1.,0.));
#4416=DIRECTION('ref_axis',(1.,0.,0.));
#4417=DIRECTION('',(-1.,0.,0.));
#4418=DIRECTION('',(0.,0.,-1.));
#4419=DIRECTION('center_axis',(-0.707106781186551,-0.707106781186544,0.));
#4420=DIRECTION('ref_axis',(-0.707106781186544,0.707106781186551,0.));
#4421=DIRECTION('',(-0.707106781186544,0.707106781186551,0.));
#4422=DIRECTION('',(0.,0.,-1.));
#4423=DIRECTION('center_axis',(-1.70803542250024E-17,1.,0.));
#4424=DIRECTION('ref_axis',(1.,1.70803542250024E-17,0.));
#4425=DIRECTION('',(0.,0.,1.));
#4426=DIRECTION('',(1.,1.70803542250024E-17,0.));
#4427=DIRECTION('center_axis',(-1.70803542250024E-17,1.,0.));
#4428=DIRECTION('ref_axis',(1.,1.70803542250024E-17,0.));
#4429=DIRECTION('',(1.,1.70803542250024E-17,0.));
#4430=DIRECTION('center_axis',(-1.70803542250024E-17,1.,0.));
#4431=DIRECTION('ref_axis',(1.,1.70803542250024E-17,0.));
#4432=DIRECTION('',(1.,1.70803542250024E-17,0.));
#4433=DIRECTION('center_axis',(-1.70803542250024E-17,1.,0.));
#4434=DIRECTION('ref_axis',(1.,1.70803542250024E-17,0.));
#4435=DIRECTION('',(1.,1.70803542250024E-17,0.));
#4436=DIRECTION('center_axis',(-1.70803542250024E-17,1.,0.));
#4437=DIRECTION('ref_axis',(1.,1.70803542250024E-17,0.));
#4438=DIRECTION('',(1.,1.70803542250024E-17,0.));
#4439=DIRECTION('center_axis',(-1.70803542250024E-17,1.,0.));
#4440=DIRECTION('ref_axis',(1.,1.70803542250024E-17,0.));
#4441=DIRECTION('',(1.,1.70803542250024E-17,0.));
#4442=DIRECTION('center_axis',(-1.70803542250024E-17,1.,0.));
#4443=DIRECTION('ref_axis',(1.,1.70803542250024E-17,0.));
#4444=DIRECTION('',(1.,1.70803542250024E-17,0.));
#4445=DIRECTION('center_axis',(-1.70803542250024E-17,1.,0.));
#4446=DIRECTION('ref_axis',(1.,1.70803542250024E-17,0.));
#4447=DIRECTION('',(1.,1.70803542250024E-17,0.));
#4448=DIRECTION('center_axis',(-1.70803542250024E-17,1.,0.));
#4449=DIRECTION('ref_axis',(1.,1.70803542250024E-17,0.));
#4450=DIRECTION('',(1.,1.70803542250024E-17,0.));
#4451=DIRECTION('center_axis',(-1.70803542250024E-17,1.,0.));
#4452=DIRECTION('ref_axis',(1.,1.70803542250024E-17,0.));
#4453=DIRECTION('',(1.,1.70803542250024E-17,0.));
#4454=DIRECTION('center_axis',(-1.70803542250024E-17,1.,0.));
#4455=DIRECTION('ref_axis',(1.,1.70803542250024E-17,0.));
#4456=DIRECTION('',(1.,1.70803542250024E-17,0.));
#4457=DIRECTION('center_axis',(-1.70803542250024E-17,1.,0.));
#4458=DIRECTION('ref_axis',(1.,1.70803542250024E-17,0.));
#4459=DIRECTION('',(1.,1.70803542250024E-17,0.));
#4460=DIRECTION('center_axis',(-1.70803542250024E-17,1.,0.));
#4461=DIRECTION('ref_axis',(1.,1.70803542250024E-17,0.));
#4462=DIRECTION('',(1.,1.70803542250024E-17,0.));
#4463=DIRECTION('center_axis',(-1.70803542250024E-17,1.,0.));
#4464=DIRECTION('ref_axis',(1.,1.70803542250024E-17,0.));
#4465=DIRECTION('',(1.,1.70803542250024E-17,0.));
#4466=DIRECTION('center_axis',(-1.70803542250024E-17,1.,0.));
#4467=DIRECTION('ref_axis',(1.,1.70803542250024E-17,0.));
#4468=DIRECTION('',(1.,1.70803542250024E-17,0.));
#4469=DIRECTION('center_axis',(-1.70803542250024E-17,1.,0.));
#4470=DIRECTION('ref_axis',(1.,1.70803542250024E-17,0.));
#4471=DIRECTION('',(1.,1.70803542250024E-17,0.));
#4472=DIRECTION('center_axis',(-1.70803542250024E-17,1.,0.));
#4473=DIRECTION('ref_axis',(1.,1.70803542250024E-17,0.));
#4474=DIRECTION('',(1.,1.70803542250024E-17,0.));
#4475=DIRECTION('center_axis',(-1.70803542250024E-17,1.,0.));
#4476=DIRECTION('ref_axis',(1.,1.70803542250024E-17,0.));
#4477=DIRECTION('',(1.,1.70803542250024E-17,0.));
#4478=DIRECTION('center_axis',(-1.70803542250024E-17,1.,0.));
#4479=DIRECTION('ref_axis',(1.,1.70803542250024E-17,0.));
#4480=DIRECTION('',(1.,1.70803542250024E-17,0.));
#4481=DIRECTION('center_axis',(-1.70803542250024E-17,1.,0.));
#4482=DIRECTION('ref_axis',(1.,1.70803542250024E-17,0.));
#4483=DIRECTION('',(1.,1.70803542250024E-17,0.));
#4484=DIRECTION('',(0.,0.,-1.));
#4485=DIRECTION('center_axis',(0.707106781186551,0.707106781186544,0.));
#4486=DIRECTION('ref_axis',(0.707106781186544,-0.707106781186551,0.));
#4487=DIRECTION('',(-0.707106781186544,0.707106781186551,0.));
#4488=DIRECTION('',(0.,0.,-1.));
#4489=DIRECTION('center_axis',(0.,1.,0.));
#4490=DIRECTION('ref_axis',(1.,0.,0.));
#4491=DIRECTION('',(-1.,0.,0.));
#4492=DIRECTION('',(0.,0.,-1.));
#4493=DIRECTION('center_axis',(-0.707106781186551,-0.707106781186544,0.));
#4494=DIRECTION('ref_axis',(-0.707106781186544,0.707106781186551,0.));
#4495=DIRECTION('',(-0.707106781186544,0.707106781186551,0.));
#4496=DIRECTION('',(0.,0.,-1.));
#4497=DIRECTION('center_axis',(-1.70803542250024E-17,1.,0.));
#4498=DIRECTION('ref_axis',(1.,1.70803542250024E-17,0.));
#4499=DIRECTION('',(0.,0.,-1.));
#4500=DIRECTION('',(1.,1.70803542250024E-17,0.));
#4501=DIRECTION('center_axis',(-0.707106781186548,-0.707106781186547,0.));
#4502=DIRECTION('ref_axis',(-0.707106781186547,0.707106781186548,0.));
#4503=DIRECTION('',(0.,0.,-1.));
#4504=DIRECTION('center_axis',(0.707106781186547,-0.707106781186548,0.));
#4505=DIRECTION('ref_axis',(-0.707106781186548,-0.707106781186547,0.));
#4506=DIRECTION('',(-0.707106781186548,-0.707106781186547,0.));
#4507=DIRECTION('center_axis',(0.,0.,-1.));
#4508=DIRECTION('ref_axis',(-1.,0.,0.));
#4509=CARTESIAN_POINT('',(0.,0.,0.));
#4510=CARTESIAN_POINT('Origin',(-133.081612767807,13.,54.1822035603945));
#4511=CARTESIAN_POINT('',(-131.831612767807,13.,54.1822035603945));
#4512=CARTESIAN_POINT('Origin',(-133.081612767807,13.,54.1822035603945));
#4513=CARTESIAN_POINT('',(-131.831612767807,8.,54.1822035603945));
#4514=CARTESIAN_POINT('',(-131.831612767807,13.,54.1822035603945));
#4515=CARTESIAN_POINT('Origin',(-133.081612767807,8.,54.1822035603945));
#4516=CARTESIAN_POINT('Origin',(-133.081612767807,8.,54.1822035603945));
#4517=CARTESIAN_POINT('Origin',(14.9183872321928,13.,-76.3177964396054));
#4518=CARTESIAN_POINT('',(16.1683872321928,13.,-76.3177964396054));
#4519=CARTESIAN_POINT('Origin',(14.9183872321928,13.,-76.3177964396054));
#4520=CARTESIAN_POINT('',(16.1683872321928,8.,-76.3177964396054));
#4521=CARTESIAN_POINT('',(16.1683872321928,13.,-76.3177964396054));
#4522=CARTESIAN_POINT('Origin',(14.9183872321928,8.,-76.3177964396054));
#4523=CARTESIAN_POINT('Origin',(14.9183872321928,8.,-76.3177964396054));
#4524=CARTESIAN_POINT('Origin',(162.918387232193,13.,30.1822035603945));
#4525=CARTESIAN_POINT('',(164.168387232193,13.,30.1822035603945));
#4526=CARTESIAN_POINT('Origin',(162.918387232193,13.,30.1822035603945));
#4527=CARTESIAN_POINT('',(164.168387232193,8.,30.1822035603945));
#4528=CARTESIAN_POINT('',(164.168387232193,13.,30.1822035603945));
#4529=CARTESIAN_POINT('Origin',(162.918387232193,8.,30.1822035603945));
#4530=CARTESIAN_POINT('Origin',(162.918387232193,8.,30.1822035603945));
#4531=CARTESIAN_POINT('Origin',(162.918387232193,13.,54.1822035603945));
#4532=CARTESIAN_POINT('',(164.168387232193,13.,54.1822035603945));
#4533=CARTESIAN_POINT('Origin',(162.918387232193,13.,54.1822035603945));
#4534=CARTESIAN_POINT('',(164.168387232193,8.,54.1822035603945));
#4535=CARTESIAN_POINT('',(164.168387232193,13.,54.1822035603945));
#4536=CARTESIAN_POINT('Origin',(162.918387232193,8.,54.1822035603945));
#4537=CARTESIAN_POINT('Origin',(162.918387232193,8.,54.1822035603945));
#4538=CARTESIAN_POINT('Origin',(157.918387232193,13.,-76.3177964396054));
#4539=CARTESIAN_POINT('',(159.168387232193,13.,-76.3177964396054));
#4540=CARTESIAN_POINT('Origin',(157.918387232193,13.,-76.3177964396054));
#4541=CARTESIAN_POINT('',(159.168387232193,8.,-76.3177964396054));
#4542=CARTESIAN_POINT('',(159.168387232193,13.,-76.3177964396054));
#4543=CARTESIAN_POINT('Origin',(157.918387232193,8.,-76.3177964396054));
#4544=CARTESIAN_POINT('Origin',(157.918387232193,8.,-76.3177964396054));
#4545=CARTESIAN_POINT('Origin',(-133.081612767807,13.,-8.56779643960546));
#4546=CARTESIAN_POINT('',(-131.831612767807,13.,-8.56779643960546));
#4547=CARTESIAN_POINT('Origin',(-133.081612767807,13.,-8.56779643960546));
#4548=CARTESIAN_POINT('',(-131.831612767807,8.,-8.56779643960546));
#4549=CARTESIAN_POINT('',(-131.831612767807,13.,-8.56779643960546));
#4550=CARTESIAN_POINT('Origin',(-133.081612767807,8.,-8.56779643960546));
#4551=CARTESIAN_POINT('Origin',(-133.081612767807,8.,-8.56779643960546));
#4552=CARTESIAN_POINT('Origin',(-128.081612767807,13.,59.1822035603945));
#4553=CARTESIAN_POINT('',(-126.831612767807,13.,59.1822035603945));
#4554=CARTESIAN_POINT('Origin',(-128.081612767807,13.,59.1822035603945));
#4555=CARTESIAN_POINT('',(-126.831612767807,8.,59.1822035603945));
#4556=CARTESIAN_POINT('',(-126.831612767807,13.,59.1822035603945));
#4557=CARTESIAN_POINT('Origin',(-128.081612767807,8.,59.1822035603945));
#4558=CARTESIAN_POINT('Origin',(-128.081612767807,8.,59.1822035603945));
#4559=CARTESIAN_POINT('Origin',(-128.081612767807,13.,-76.3177964396054));
#4560=CARTESIAN_POINT('',(-126.831612767807,13.,-76.3177964396054));
#4561=CARTESIAN_POINT('Origin',(-128.081612767807,13.,-76.3177964396054));
#4562=CARTESIAN_POINT('',(-126.831612767807,8.,-76.3177964396054));
#4563=CARTESIAN_POINT('',(-126.831612767807,13.,-76.3177964396054));
#4564=CARTESIAN_POINT('Origin',(-128.081612767807,8.,-76.3177964396054));
#4565=CARTESIAN_POINT('Origin',(-128.081612767807,8.,-76.3177964396054));
#4566=CARTESIAN_POINT('Origin',(162.918387232193,13.,-8.56779643960547));
#4567=CARTESIAN_POINT('',(164.168387232193,13.,-8.56779643960547));
#4568=CARTESIAN_POINT('Origin',(162.918387232193,13.,-8.56779643960547));
#4569=CARTESIAN_POINT('',(164.168387232193,8.,-8.56779643960547));
#4570=CARTESIAN_POINT('',(164.168387232193,13.,-8.56779643960547));
#4571=CARTESIAN_POINT('Origin',(162.918387232193,8.,-8.56779643960547));
#4572=CARTESIAN_POINT('Origin',(162.918387232193,8.,-8.56779643960547));
#4573=CARTESIAN_POINT('Origin',(157.918387232193,13.,59.1822035603945));
#4574=CARTESIAN_POINT('',(159.168387232193,13.,59.1822035603945));
#4575=CARTESIAN_POINT('Origin',(157.918387232193,13.,59.1822035603945));
#4576=CARTESIAN_POINT('',(159.168387232193,8.,59.1822035603945));
#4577=CARTESIAN_POINT('',(159.168387232193,13.,59.1822035603945));
#4578=CARTESIAN_POINT('Origin',(157.918387232193,8.,59.1822035603945));
#4579=CARTESIAN_POINT('Origin',(157.918387232193,8.,59.1822035603945));
#4580=CARTESIAN_POINT('Origin',(162.918387232193,13.,-71.3177964396054));
#4581=CARTESIAN_POINT('',(164.168387232193,13.,-71.3177964396054));
#4582=CARTESIAN_POINT('Origin',(162.918387232193,13.,-71.3177964396054));
#4583=CARTESIAN_POINT('',(164.168387232193,8.,-71.3177964396054));
#4584=CARTESIAN_POINT('',(164.168387232193,13.,-71.3177964396054));
#4585=CARTESIAN_POINT('Origin',(162.918387232193,8.,-71.3177964396054));
#4586=CARTESIAN_POINT('Origin',(162.918387232193,8.,-71.3177964396054));
#4587=CARTESIAN_POINT('Origin',(-133.081612767807,13.,-71.3177964396055));
#4588=CARTESIAN_POINT('',(-131.831612767807,13.,-71.3177964396055));
#4589=CARTESIAN_POINT('Origin',(-133.081612767807,13.,-71.3177964396055));
#4590=CARTESIAN_POINT('',(-131.831612767807,8.,-71.3177964396055));
#4591=CARTESIAN_POINT('',(-131.831612767807,13.,-71.3177964396055));
#4592=CARTESIAN_POINT('Origin',(-133.081612767807,8.,-71.3177964396055));
#4593=CARTESIAN_POINT('Origin',(-133.081612767807,8.,-71.3177964396055));
#4594=CARTESIAN_POINT('Origin',(14.9183872321928,13.,59.1822035603945));
#4595=CARTESIAN_POINT('',(16.1683872321928,13.,59.1822035603945));
#4596=CARTESIAN_POINT('Origin',(14.9183872321928,13.,59.1822035603945));
#4597=CARTESIAN_POINT('',(16.1683872321928,8.,59.1822035603945));
#4598=CARTESIAN_POINT('',(16.1683872321928,13.,59.1822035603945));
#4599=CARTESIAN_POINT('Origin',(14.9183872321928,8.,59.1822035603945));
#4600=CARTESIAN_POINT('Origin',(14.9183872321928,8.,59.1822035603945));
#4601=CARTESIAN_POINT('Origin',(-126.581612767807,8.,-69.8177964396054));
#4602=CARTESIAN_POINT('',(-126.581612767807,10.,-71.4677964396055));
#4603=CARTESIAN_POINT('Origin',(-126.581612767807,10.,-69.8177964396054));
#4604=CARTESIAN_POINT('',(-126.581612767807,6.,-71.4677964396055));
#4605=CARTESIAN_POINT('',(-126.581612767807,8.,-71.4677964396055));
#4606=CARTESIAN_POINT('Origin',(-126.581612767807,6.,-69.8177964396054));
#4607=CARTESIAN_POINT('Origin',(-126.581612767807,6.,-69.8177964396054));
#4608=CARTESIAN_POINT('Origin',(-126.581612767807,8.,-19.8177964396054));
#4609=CARTESIAN_POINT('',(-126.581612767807,10.,-21.4677964396055));
#4610=CARTESIAN_POINT('Origin',(-126.581612767807,10.,-19.8177964396054));
#4611=CARTESIAN_POINT('',(-126.581612767807,6.,-21.4677964396055));
#4612=CARTESIAN_POINT('',(-126.581612767807,8.,-21.4677964396055));
#4613=CARTESIAN_POINT('Origin',(-126.581612767807,6.,-19.8177964396054));
#4614=CARTESIAN_POINT('Origin',(-126.581612767807,6.,-19.8177964396054));
#4615=CARTESIAN_POINT('Origin',(-126.581612767807,8.,20.1822035603946));
#4616=CARTESIAN_POINT('',(-126.581612767807,10.,18.5322035603945));
#4617=CARTESIAN_POINT('Origin',(-126.581612767807,10.,20.1822035603946));
#4618=CARTESIAN_POINT('',(-126.581612767807,6.,18.5322035603945));
#4619=CARTESIAN_POINT('',(-126.581612767807,8.,18.5322035603945));
#4620=CARTESIAN_POINT('Origin',(-126.581612767807,6.,20.1822035603946));
#4621=CARTESIAN_POINT('Origin',(-126.581612767807,6.,20.1822035603946));
#4622=CARTESIAN_POINT('Origin',(-126.581612767807,8.,52.6822035603946));
#4623=CARTESIAN_POINT('',(-126.581612767807,10.,51.0322035603945));
#4624=CARTESIAN_POINT('Origin',(-126.581612767807,10.,52.6822035603946));
#4625=CARTESIAN_POINT('',(-126.581612767807,6.,51.0322035603945));
#4626=CARTESIAN_POINT('',(-126.581612767807,8.,51.0322035603945));
#4627=CARTESIAN_POINT('Origin',(-126.581612767807,6.,52.6822035603946));
#4628=CARTESIAN_POINT('Origin',(-126.581612767807,6.,52.6822035603946));
#4629=CARTESIAN_POINT('Origin',(-10.0816127678072,8.,52.6822035603946));
#4630=CARTESIAN_POINT('',(-10.0816127678072,10.,51.0322035603945));
#4631=CARTESIAN_POINT('Origin',(-10.0816127678072,10.,52.6822035603946));
#4632=CARTESIAN_POINT('',(-10.0816127678072,6.,51.0322035603945));
#4633=CARTESIAN_POINT('',(-10.0816127678072,8.,51.0322035603945));
#4634=CARTESIAN_POINT('Origin',(-10.0816127678072,6.,52.6822035603946));
#4635=CARTESIAN_POINT('Origin',(-10.0816127678072,6.,52.6822035603946));
#4636=CARTESIAN_POINT('Origin',(39.9183872321928,8.,52.6822035603946));
#4637=CARTESIAN_POINT('',(39.9183872321928,10.,51.0322035603945));
#4638=CARTESIAN_POINT('Origin',(39.9183872321928,10.,52.6822035603946));
#4639=CARTESIAN_POINT('',(39.9183872321928,6.,51.0322035603945));
#4640=CARTESIAN_POINT('',(39.9183872321928,8.,51.0322035603945));
#4641=CARTESIAN_POINT('Origin',(39.9183872321928,6.,52.6822035603946));
#4642=CARTESIAN_POINT('Origin',(39.9183872321928,6.,52.6822035603946));
#4643=CARTESIAN_POINT('Origin',(156.418387232193,8.,20.1822035603946));
#4644=CARTESIAN_POINT('',(156.418387232193,10.,18.5322035603945));
#4645=CARTESIAN_POINT('Origin',(156.418387232193,10.,20.1822035603946));
#4646=CARTESIAN_POINT('',(156.418387232193,6.,18.5322035603945));
#4647=CARTESIAN_POINT('',(156.418387232193,8.,18.5322035603945));
#4648=CARTESIAN_POINT('Origin',(156.418387232193,6.,20.1822035603946));
#4649=CARTESIAN_POINT('Origin',(156.418387232193,6.,20.1822035603946));
#4650=CARTESIAN_POINT('Origin',(156.418387232193,8.,-19.8177964396054));
#4651=CARTESIAN_POINT('',(156.418387232193,10.,-21.4677964396055));
#4652=CARTESIAN_POINT('Origin',(156.418387232193,10.,-19.8177964396054));
#4653=CARTESIAN_POINT('',(156.418387232193,6.,-21.4677964396055));
#4654=CARTESIAN_POINT('',(156.418387232193,8.,-21.4677964396055));
#4655=CARTESIAN_POINT('Origin',(156.418387232193,6.,-19.8177964396054));
#4656=CARTESIAN_POINT('Origin',(156.418387232193,6.,-19.8177964396054));
#4657=CARTESIAN_POINT('Origin',(156.418387232193,8.,-69.8177964396054));
#4658=CARTESIAN_POINT('',(156.418387232193,10.,-71.4677964396055));
#4659=CARTESIAN_POINT('Origin',(156.418387232193,10.,-69.8177964396054));
#4660=CARTESIAN_POINT('',(156.418387232193,6.,-71.4677964396055));
#4661=CARTESIAN_POINT('',(156.418387232193,8.,-71.4677964396055));
#4662=CARTESIAN_POINT('Origin',(156.418387232193,6.,-69.8177964396054));
#4663=CARTESIAN_POINT('Origin',(156.418387232193,6.,-69.8177964396054));
#4664=CARTESIAN_POINT('Origin',(14.9183872321928,8.,-69.8177964396054));
#4665=CARTESIAN_POINT('',(14.9183872321928,10.,-71.4677964396055));
#4666=CARTESIAN_POINT('Origin',(14.9183872321928,10.,-69.8177964396054));
#4667=CARTESIAN_POINT('',(14.9183872321928,6.,-71.4677964396055));
#4668=CARTESIAN_POINT('',(14.9183872321928,8.,-71.4677964396055));
#4669=CARTESIAN_POINT('Origin',(14.9183872321928,6.,-69.8177964396054));
#4670=CARTESIAN_POINT('Origin',(14.9183872321928,6.,-69.8177964396054));
#4671=CARTESIAN_POINT('Origin',(156.418387232193,5.,-69.8177964396054));
#4672=CARTESIAN_POINT('',(159.918387232193,10.,-69.8177964396054));
#4673=CARTESIAN_POINT('Origin',(156.418387232193,10.,-69.8177964396054));
#4674=CARTESIAN_POINT('',(159.918387232193,5.,-69.8177964396054));
#4675=CARTESIAN_POINT('',(159.918387232193,5.,-69.8177964396054));
#4676=CARTESIAN_POINT('Origin',(156.418387232193,5.,-69.8177964396054));
#4677=CARTESIAN_POINT('Origin',(156.418387232193,10.,-69.8177964396054));
#4678=CARTESIAN_POINT('Origin',(39.9183872321928,5.,52.6822035603946));
#4679=CARTESIAN_POINT('',(43.4183872321928,10.,52.6822035603946));
#4680=CARTESIAN_POINT('Origin',(39.9183872321928,10.,52.6822035603946));
#4681=CARTESIAN_POINT('',(43.4183872321928,5.,52.6822035603946));
#4682=CARTESIAN_POINT('',(43.4183872321928,5.,52.6822035603946));
#4683=CARTESIAN_POINT('Origin',(39.9183872321928,5.,52.6822035603946));
#4684=CARTESIAN_POINT('Origin',(39.9183872321928,10.,52.6822035603946));
#4685=CARTESIAN_POINT('Origin',(-126.581612767807,5.,-19.8177964396054));
#4686=CARTESIAN_POINT('',(-123.081612767807,10.,-19.8177964396054));
#4687=CARTESIAN_POINT('Origin',(-126.581612767807,10.,-19.8177964396054));
#4688=CARTESIAN_POINT('',(-123.081612767807,5.,-19.8177964396054));
#4689=CARTESIAN_POINT('',(-123.081612767807,5.,-19.8177964396054));
#4690=CARTESIAN_POINT('Origin',(-126.581612767807,5.,-19.8177964396054));
#4691=CARTESIAN_POINT('Origin',(-126.581612767807,10.,-19.8177964396054));
#4692=CARTESIAN_POINT('Origin',(156.418387232193,5.,-19.8177964396054));
#4693=CARTESIAN_POINT('',(159.918387232193,10.,-19.8177964396054));
#4694=CARTESIAN_POINT('Origin',(156.418387232193,10.,-19.8177964396054));
#4695=CARTESIAN_POINT('',(159.918387232193,5.,-19.8177964396054));
#4696=CARTESIAN_POINT('',(159.918387232193,5.,-19.8177964396054));
#4697=CARTESIAN_POINT('Origin',(156.418387232193,5.,-19.8177964396054));
#4698=CARTESIAN_POINT('Origin',(156.418387232193,10.,-19.8177964396054));
#4699=CARTESIAN_POINT('Origin',(-126.581612767807,5.,20.1822035603946));
#4700=CARTESIAN_POINT('',(-123.081612767807,10.,20.1822035603946));
#4701=CARTESIAN_POINT('Origin',(-126.581612767807,10.,20.1822035603946));
#4702=CARTESIAN_POINT('',(-123.081612767807,5.,20.1822035603946));
#4703=CARTESIAN_POINT('',(-123.081612767807,5.,20.1822035603946));
#4704=CARTESIAN_POINT('Origin',(-126.581612767807,5.,20.1822035603946));
#4705=CARTESIAN_POINT('Origin',(-126.581612767807,10.,20.1822035603946));
#4706=CARTESIAN_POINT('Origin',(14.9183872321928,5.,-8.56779643960545));
#4707=CARTESIAN_POINT('',(17.9183872321928,10.,-8.56779643960545));
#4708=CARTESIAN_POINT('Origin',(14.9183872321928,10.,-8.56779643960545));
#4709=CARTESIAN_POINT('',(17.9183872321928,5.,-8.56779643960545));
#4710=CARTESIAN_POINT('',(17.9183872321928,5.,-8.56779643960545));
#4711=CARTESIAN_POINT('Origin',(14.9183872321928,5.,-8.56779643960545));
#4712=CARTESIAN_POINT('Origin',(14.9183872321928,10.,-8.56779643960545));
#4713=CARTESIAN_POINT('Origin',(14.9183872321928,5.,-69.8177964396054));
#4714=CARTESIAN_POINT('',(18.4183872321928,10.,-69.8177964396054));
#4715=CARTESIAN_POINT('Origin',(14.9183872321928,10.,-69.8177964396054));
#4716=CARTESIAN_POINT('',(18.4183872321928,5.,-69.8177964396054));
#4717=CARTESIAN_POINT('',(18.4183872321928,5.,-69.8177964396054));
#4718=CARTESIAN_POINT('Origin',(14.9183872321928,5.,-69.8177964396054));
#4719=CARTESIAN_POINT('Origin',(14.9183872321928,10.,-69.8177964396054));
#4720=CARTESIAN_POINT('Origin',(-10.0816127678072,5.,52.6822035603946));
#4721=CARTESIAN_POINT('',(-6.58161276780722,10.,52.6822035603946));
#4722=CARTESIAN_POINT('Origin',(-10.0816127678072,10.,52.6822035603946));
#4723=CARTESIAN_POINT('',(-6.58161276780722,5.,52.6822035603946));
#4724=CARTESIAN_POINT('',(-6.58161276780722,5.,52.6822035603946));
#4725=CARTESIAN_POINT('Origin',(-10.0816127678072,5.,52.6822035603946));
#4726=CARTESIAN_POINT('Origin',(-10.0816127678072,10.,52.6822035603946));
#4727=CARTESIAN_POINT('Origin',(-126.581612767807,5.,-69.8177964396054));
#4728=CARTESIAN_POINT('',(-123.081612767807,10.,-69.8177964396054));
#4729=CARTESIAN_POINT('Origin',(-126.581612767807,10.,-69.8177964396054));
#4730=CARTESIAN_POINT('',(-123.081612767807,5.,-69.8177964396054));
#4731=CARTESIAN_POINT('',(-123.081612767807,5.,-69.8177964396054));
#4732=CARTESIAN_POINT('Origin',(-126.581612767807,5.,-69.8177964396054));
#4733=CARTESIAN_POINT('Origin',(-126.581612767807,10.,-69.8177964396054));
#4734=CARTESIAN_POINT('Origin',(156.418387232193,5.,20.1822035603946));
#4735=CARTESIAN_POINT('',(159.918387232193,10.,20.1822035603946));
#4736=CARTESIAN_POINT('Origin',(156.418387232193,10.,20.1822035603946));
#4737=CARTESIAN_POINT('',(159.918387232193,5.,20.1822035603946));
#4738=CARTESIAN_POINT('',(159.918387232193,5.,20.1822035603946));
#4739=CARTESIAN_POINT('Origin',(156.418387232193,5.,20.1822035603946));
#4740=CARTESIAN_POINT('Origin',(156.418387232193,10.,20.1822035603946));
#4741=CARTESIAN_POINT('Origin',(-126.581612767807,5.,52.6822035603946));
#4742=CARTESIAN_POINT('',(-123.081612767807,10.,52.6822035603946));
#4743=CARTESIAN_POINT('Origin',(-126.581612767807,10.,52.6822035603946));
#4744=CARTESIAN_POINT('',(-123.081612767807,5.,52.6822035603946));
#4745=CARTESIAN_POINT('',(-123.081612767807,5.,52.6822035603946));
#4746=CARTESIAN_POINT('Origin',(-126.581612767807,5.,52.6822035603946));
#4747=CARTESIAN_POINT('Origin',(-126.581612767807,10.,52.6822035603946));
#4748=CARTESIAN_POINT('Origin',(-57.5816127678072,5.,-8.56779643960545));
#4749=CARTESIAN_POINT('',(-54.5816127678072,10.,-8.56779643960545));
#4750=CARTESIAN_POINT('Origin',(-57.5816127678072,10.,-8.56779643960545));
#4751=CARTESIAN_POINT('',(-54.5816127678072,5.,-8.56779643960545));
#4752=CARTESIAN_POINT('',(-54.5816127678072,5.,-8.56779643960545));
#4753=CARTESIAN_POINT('Origin',(-57.5816127678072,5.,-8.56779643960545));
#4754=CARTESIAN_POINT('Origin',(-57.5816127678072,10.,-8.56779643960545));
#4755=CARTESIAN_POINT('Origin',(87.4183872321928,5.,-8.56779643960545));
#4756=CARTESIAN_POINT('',(90.4183872321928,10.,-8.56779643960545));
#4757=CARTESIAN_POINT('Origin',(87.4183872321928,10.,-8.56779643960545));
#4758=CARTESIAN_POINT('',(90.4183872321928,5.,-8.56779643960545));
#4759=CARTESIAN_POINT('',(90.4183872321928,5.,-8.56779643960545));
#4760=CARTESIAN_POINT('Origin',(87.4183872321928,5.,-8.56779643960545));
#4761=CARTESIAN_POINT('Origin',(87.4183872321928,10.,-8.56779643960545));
#4762=CARTESIAN_POINT('Origin',(160.418387232193,13.,-72.8177964396055));
#4763=CARTESIAN_POINT('',(160.418387232193,9.93649167310369,33.6822035603945));
#4764=CARTESIAN_POINT('',(160.418387232193,13.,33.6822035603945));
#4765=CARTESIAN_POINT('',(160.418387232193,13.,33.6822035603945));
#4766=CARTESIAN_POINT('',(160.418387232193,13.,-73.8177964396054));
#4767=CARTESIAN_POINT('',(160.418387232193,13.,-40.6927964396055));
#4768=CARTESIAN_POINT('',(160.418387232193,5.,-73.8177964396054));
#4769=CARTESIAN_POINT('',(160.418387232193,13.,-73.8177964396054));
#4770=CARTESIAN_POINT('',(160.418387232193,5.,34.53645224933));
#4771=CARTESIAN_POINT('',(160.418387232193,5.,-72.8177964396055));
#4772=CARTESIAN_POINT('Origin',(160.418387232193,8.,37.1822035603946));
#4773=CARTESIAN_POINT('Origin',(160.418387232193,13.,-72.8177964396055));
#4774=CARTESIAN_POINT('',(160.418387232193,13.,50.6822035603945));
#4775=CARTESIAN_POINT('',(160.418387232193,9.93649167310371,50.6822035603945));
#4776=CARTESIAN_POINT('',(160.418387232193,11.4682458365519,50.6822035603946));
#4777=CARTESIAN_POINT('',(160.418387232193,5.,49.8279548714591));
#4778=CARTESIAN_POINT('Origin',(160.418387232193,8.,47.1822035603946));
#4779=CARTESIAN_POINT('',(160.418387232193,5.,56.6822035603945));
#4780=CARTESIAN_POINT('',(160.418387232193,5.,55.6822035603945));
#4781=CARTESIAN_POINT('',(160.418387232193,13.,56.6822035603945));
#4782=CARTESIAN_POINT('',(160.418387232193,13.,56.6822035603945));
#4783=CARTESIAN_POINT('',(160.418387232193,13.,-40.6927964396055));
#4784=CARTESIAN_POINT('Origin',(165.418387232193,8.,47.1822035603946));
#4785=CARTESIAN_POINT('',(165.418387232193,9.93649167310373,50.6822035603945));
#4786=CARTESIAN_POINT('',(165.418387232193,9.93649167310371,50.6822035603945));
#4787=CARTESIAN_POINT('',(165.418387232193,4.,47.1822035603946));
#4788=CARTESIAN_POINT('Origin',(165.418387232193,8.,47.1822035603946));
#4789=CARTESIAN_POINT('',(160.418387232193,4.,47.1822035603946));
#4790=CARTESIAN_POINT('',(165.418387232193,4.,47.1822035603946));
#4791=CARTESIAN_POINT('Origin',(160.418387232193,8.,47.1822035603946));
#4792=CARTESIAN_POINT('Origin',(165.418387232193,13.,50.6822035603945));
#4793=CARTESIAN_POINT('',(165.418387232193,13.,50.6822035603945));
#4794=CARTESIAN_POINT('',(88.0338267388229,13.,50.6822035603945));
#4795=CARTESIAN_POINT('',(165.418387232193,6.5,50.6822035603945));
#4796=CARTESIAN_POINT('Origin',(161.149266245453,13.,33.6822035603945));
#4797=CARTESIAN_POINT('',(165.418387232193,9.93649167310369,33.6822035603945));
#4798=CARTESIAN_POINT('',(165.418387232193,9.93649167310369,33.6822035603945));
#4799=CARTESIAN_POINT('',(165.418387232193,13.,33.6822035603945));
#4800=CARTESIAN_POINT('',(165.418387232193,6.5,33.6822035603945));
#4801=CARTESIAN_POINT('',(88.0338267388229,13.,33.6822035603945));
#4802=CARTESIAN_POINT('Origin',(14.9183872321928,13.,-8.56779643960545));
#4803=CARTESIAN_POINT('',(-130.581612767807,13.,56.6822035603945));
#4804=CARTESIAN_POINT('',(87.1683872321928,13.,56.6822035603945));
#4805=CARTESIAN_POINT('',(-130.581612767807,13.,-73.8177964396054));
#4806=CARTESIAN_POINT('',(-130.581612767807,13.,-40.6927964396055));
#4807=CARTESIAN_POINT('',(-57.3316127678072,13.,-73.8177964396054));
#4808=CARTESIAN_POINT('',(165.418387232193,13.,-73.8177964396054));
#4809=CARTESIAN_POINT('',(165.418387232193,13.,-78.8177964396054));
#4810=CARTESIAN_POINT('',(160.418387232193,13.,-78.8177964396054));
#4811=CARTESIAN_POINT('Origin',(160.418387232193,13.,-73.8177964396054));
#4812=CARTESIAN_POINT('',(-130.581612767807,13.,-78.8177964396054));
#4813=CARTESIAN_POINT('',(-135.581612767807,13.,-78.8177964396054));
#4814=CARTESIAN_POINT('',(-135.581612767807,13.,-73.8177964396055));
#4815=CARTESIAN_POINT('Origin',(-130.581612767807,13.,-73.8177964396054));
#4816=CARTESIAN_POINT('',(-135.581612767807,13.,56.6822035603945));
#4817=CARTESIAN_POINT('',(-135.581612767807,13.,61.6822035603945));
#4818=CARTESIAN_POINT('',(-130.581612767807,13.,61.6822035603945));
#4819=CARTESIAN_POINT('Origin',(-130.581612767807,13.,56.6822035603945));
#4820=CARTESIAN_POINT('',(160.418387232193,13.,61.6822035603945));
#4821=CARTESIAN_POINT('',(165.418387232193,13.,61.6822035603945));
#4822=CARTESIAN_POINT('',(165.418387232193,13.,56.6822035603946));
#4823=CARTESIAN_POINT('Origin',(160.418387232193,13.,56.6822035603946));
#4824=CARTESIAN_POINT('',(165.418387232193,13.,-78.8177964396054));
#4825=CARTESIAN_POINT('Origin',(-129.581612767807,13.,-73.8177964396054));
#4826=CARTESIAN_POINT('',(-130.581612767807,5.,-73.8177964396054));
#4827=CARTESIAN_POINT('',(-130.581612767807,13.,-73.8177964396054));
#4828=CARTESIAN_POINT('',(159.418387232193,5.,-73.8177964396054));
#4829=CARTESIAN_POINT('Origin',(-130.581612767807,13.,55.6822035603945));
#4830=CARTESIAN_POINT('',(-130.581612767807,5.,56.6822035603945));
#4831=CARTESIAN_POINT('',(-130.581612767807,13.,56.6822035603945));
#4832=CARTESIAN_POINT('',(-130.581612767807,5.,55.6822035603945));
#4833=CARTESIAN_POINT('Origin',(159.418387232193,13.,56.6822035603945));
#4834=CARTESIAN_POINT('',(159.418387232193,5.,56.6822035603945));
#4835=CARTESIAN_POINT('Origin',(165.418387232193,4.,37.1822035603946));
#4836=CARTESIAN_POINT('',(165.418387232193,4.,37.1822035603946));
#4837=CARTESIAN_POINT('',(165.418387232193,4.,49.4322035603946));
#4838=CARTESIAN_POINT('',(160.418387232193,4.,37.1822035603946));
#4839=CARTESIAN_POINT('',(165.418387232193,4.,37.1822035603946));
#4840=CARTESIAN_POINT('',(160.418387232193,4.,47.1822035603946));
#4841=CARTESIAN_POINT('Origin',(165.418387232193,8.,37.1822035603946));
#4842=CARTESIAN_POINT('Origin',(160.418387232193,8.,37.1822035603946));
#4843=CARTESIAN_POINT('Origin',(165.418387232193,8.,37.1822035603946));
#4844=CARTESIAN_POINT('Origin',(160.418387232193,8.,42.1822035603946));
#4845=CARTESIAN_POINT('',(160.418387232193,5.,49.4322035603945));
#4846=CARTESIAN_POINT('Origin',(-60.3316127678072,1.,60.6822035603945));
#4847=CARTESIAN_POINT('',(-130.581612767807,2.,61.6822035603945));
#4848=CARTESIAN_POINT('',(-130.581612767807,0.,59.6822035603945));
#4849=CARTESIAN_POINT('',(-130.581612767807,2.,61.6822035603945));
#4850=CARTESIAN_POINT('',(160.418387232193,0.,59.6822035603945));
#4851=CARTESIAN_POINT('',(-60.3316127678072,0.,59.6822035603945));
#4852=CARTESIAN_POINT('',(160.418387232193,2.,61.6822035603945));
#4853=CARTESIAN_POINT('',(160.418387232193,0.,59.6822035603945));
#4854=CARTESIAN_POINT('',(-60.3316127678072,2.,61.6822035603945));
#4855=CARTESIAN_POINT('Origin',(-130.581612767807,1.,56.6822035603945));
#4856=CARTESIAN_POINT('',(-135.581612767807,2.,56.6822035603945));
#4857=CARTESIAN_POINT('Origin',(-130.581612767807,2.,56.6822035603945));
#4858=CARTESIAN_POINT('',(-133.581612767807,0.,56.6822035603945));
#4859=CARTESIAN_POINT('',(-135.581612767807,2.,56.6822035603945));
#4860=CARTESIAN_POINT('Origin',(-130.581612767807,0.,56.6822035603945));
#4861=CARTESIAN_POINT('Origin',(-134.581612767807,1.,-43.6927964396055));
#4862=CARTESIAN_POINT('',(-135.581612767807,2.,-73.8177964396054));
#4863=CARTESIAN_POINT('',(-133.581612767807,0.,-73.8177964396054));
#4864=CARTESIAN_POINT('',(-135.581612767807,2.,-73.8177964396054));
#4865=CARTESIAN_POINT('',(-133.581612767807,0.,-43.6927964396055));
#4866=CARTESIAN_POINT('',(-135.581612767807,2.,-43.6927964396055));
#4867=CARTESIAN_POINT('Origin',(-130.581612767807,1.,-73.8177964396054));
#4868=CARTESIAN_POINT('',(-130.581612767807,2.,-78.8177964396054));
#4869=CARTESIAN_POINT('Origin',(-130.581612767807,2.,-73.8177964396054));
#4870=CARTESIAN_POINT('',(-130.581612767807,0.,-76.8177964396055));
#4871=CARTESIAN_POINT('',(-130.581612767807,2.,-78.8177964396054));
#4872=CARTESIAN_POINT('Origin',(-130.581612767807,0.,-73.8177964396054));
#4873=CARTESIAN_POINT('Origin',(90.1683872321928,1.,-77.8177964396055));
#4874=CARTESIAN_POINT('',(160.418387232193,2.,-78.8177964396054));
#4875=CARTESIAN_POINT('',(160.418387232193,0.,-76.8177964396054));
#4876=CARTESIAN_POINT('',(160.418387232193,2.,-78.8177964396054));
#4877=CARTESIAN_POINT('',(90.1683872321928,0.,-76.8177964396054));
#4878=CARTESIAN_POINT('',(90.1683872321928,2.,-78.8177964396054));
#4879=CARTESIAN_POINT('Origin',(160.418387232193,1.,-73.8177964396054));
#4880=CARTESIAN_POINT('',(165.418387232193,2.,-73.8177964396054));
#4881=CARTESIAN_POINT('Origin',(160.418387232193,2.,-73.8177964396054));
#4882=CARTESIAN_POINT('',(163.418387232193,0.,-73.8177964396054));
#4883=CARTESIAN_POINT('',(165.418387232193,2.,-73.8177964396054));
#4884=CARTESIAN_POINT('Origin',(160.418387232193,0.,-73.8177964396054));
#4885=CARTESIAN_POINT('Origin',(164.418387232193,1.,26.5572035603946));
#4886=CARTESIAN_POINT('',(165.418387232193,2.,56.6822035603946));
#4887=CARTESIAN_POINT('',(163.418387232193,0.,56.6822035603946));
#4888=CARTESIAN_POINT('',(165.418387232193,2.,56.6822035603946));
#4889=CARTESIAN_POINT('',(163.418387232193,0.,26.5572035603946));
#4890=CARTESIAN_POINT('',(165.418387232193,2.,26.5572035603946));
#4891=CARTESIAN_POINT('Origin',(160.418387232193,1.,56.6822035603946));
#4892=CARTESIAN_POINT('Origin',(160.418387232193,2.,56.6822035603946));
#4893=CARTESIAN_POINT('Origin',(160.418387232193,0.,56.6822035603946));
#4894=CARTESIAN_POINT('Origin',(-130.581612767807,0.,-73.8177964396054));
#4895=CARTESIAN_POINT('',(-135.581612767807,0.,-73.8177964396054));
#4896=CARTESIAN_POINT('',(-130.581612767807,0.,-78.8177964396054));
#4897=CARTESIAN_POINT('Origin',(-135.581612767807,0.,-78.8177964396055));
#4898=CARTESIAN_POINT('',(-135.581612767807,0.,56.6822035603945));
#4899=CARTESIAN_POINT('Origin',(-130.581612767807,0.,56.6822035603945));
#4900=CARTESIAN_POINT('',(-130.581612767807,0.,61.6822035603945));
#4901=CARTESIAN_POINT('Origin',(-135.581612767807,0.,61.6822035603945));
#4902=CARTESIAN_POINT('',(160.418387232193,0.,61.6822035603945));
#4903=CARTESIAN_POINT('Origin',(14.9183872321928,0.,-8.56779643960545));
#4904=CARTESIAN_POINT('Origin',(165.418387232193,0.,-78.8177964396054));
#4905=CARTESIAN_POINT('',(160.418387232193,0.,-78.8177964396054));
#4906=CARTESIAN_POINT('Origin',(160.418387232193,0.,-73.8177964396054));
#4907=CARTESIAN_POINT('',(165.418387232193,0.,-73.8177964396054));
#4908=CARTESIAN_POINT('Origin',(165.418387232193,0.,61.6822035603946));
#4909=CARTESIAN_POINT('',(165.418387232193,0.,56.6822035603946));
#4910=CARTESIAN_POINT('Origin',(160.418387232193,0.,56.6822035603946));
#4911=CARTESIAN_POINT('Origin',(14.9183872321928,5.,-8.56779643960546));
#4912=CARTESIAN_POINT('Origin',(-132.581612767807,-1.00000000000001,-10.5677964396054));
#4913=CARTESIAN_POINT('',(-132.581612767807,-0.999999999999997,-10.5677964396054));
#4914=CARTESIAN_POINT('',(-131.167399205434,-0.999999999999997,-10.5677964396054));
#4915=CARTESIAN_POINT('',(-132.581612767807,-0.999999999999997,-10.5677964396054));
#4916=CARTESIAN_POINT('',(-131.874505986621,-0.292893218813458,-10.5677964396054));
#4917=CARTESIAN_POINT('',(-131.874505986621,-0.292893218813467,-10.5677964396054));
#4918=CARTESIAN_POINT('',(-132.581612767807,-1.00000000000001,-10.5677964396054));
#4919=CARTESIAN_POINT('Origin',(-67.5816127678073,-65.9999999999999,-35.3635363764705));
#4920=CARTESIAN_POINT('',(-67.5816127678073,-65.9999999999999,-35.3635363764705));
#4921=CARTESIAN_POINT('',(-132.581612767807,-1.00000000000001,-10.5677964396054));
#4922=CARTESIAN_POINT('',(-66.8745059866208,-65.2928932188134,-35.3635363764705));
#4923=CARTESIAN_POINT('',(-131.874505986621,-0.292893218813467,-10.5677964396054));
#4924=CARTESIAN_POINT('',(-67.5816127678073,-65.9999999999999,-35.3635363764705));
#4925=CARTESIAN_POINT('Origin',(-99.3745059866207,-32.7928932188134,-22.9656664080379));
#4926=CARTESIAN_POINT('',(-66.8745059866208,-65.2928932188134,-10.5677964396054));
#4927=CARTESIAN_POINT('',(-91.2495059866207,-40.9178932188134,-10.5677964396054));
#4928=CARTESIAN_POINT('',(-66.8745059866207,-65.2928932188134,-10.5677964396054));
#4929=CARTESIAN_POINT('Origin',(-67.5816127678072,-33.5,-10.5677964396054));
#4930=CARTESIAN_POINT('',(-129.999997094274,-1.,-10.5677964396054));
#4931=CARTESIAN_POINT('',(-132.581612767807,-0.999999999999997,-10.5677964396054));
#4932=CARTESIAN_POINT('',(-130.899997071922,-0.1,-10.5677964396054));
#4933=CARTESIAN_POINT('',(-129.999997094274,-0.999999977648258,-10.5677964396054));
#4934=CARTESIAN_POINT('',(-130.399997071922,-0.1,-10.5677964396054));
#4935=CARTESIAN_POINT('',(-130.399997071922,-0.1,-10.5677964396054));
#4936=CARTESIAN_POINT('',(-129.499997094274,-1.,-10.5677964396054));
#4937=CARTESIAN_POINT('',(-129.499997094274,-0.999999977648258,-10.5677964396054));
#4938=CARTESIAN_POINT('',(-123.684207620589,-1.,-10.5677964396054));
#4939=CARTESIAN_POINT('',(-132.581612767807,-0.999999999999997,-10.5677964396054));
#4940=CARTESIAN_POINT('',(-124.584207598238,-0.0999999999999997,-10.5677964396054));
#4941=CARTESIAN_POINT('',(-123.684207620589,-0.999999977648258,-10.5677964396054));
#4942=CARTESIAN_POINT('',(-124.084207598238,-0.0999999999999997,-10.5677964396054));
#4943=CARTESIAN_POINT('',(-124.084207598238,-0.0999999999999998,-10.5677964396054));
#4944=CARTESIAN_POINT('',(-123.184207620589,-1.,-10.5677964396054));
#4945=CARTESIAN_POINT('',(-123.184207620589,-0.999999977648258,-10.5677964396054));
#4946=CARTESIAN_POINT('',(-117.368418146905,-1.,-10.5677964396054));
#4947=CARTESIAN_POINT('',(-132.581612767807,-0.999999999999997,-10.5677964396054));
#4948=CARTESIAN_POINT('',(-118.268418124553,-0.0999999999999995,-10.5677964396054));
#4949=CARTESIAN_POINT('',(-117.368418146905,-0.999999977648258,-10.5677964396054));
#4950=CARTESIAN_POINT('',(-117.768418124553,-0.0999999999999995,-10.5677964396054));
#4951=CARTESIAN_POINT('',(-117.768418124553,-0.0999999999999996,-10.5677964396054));
#4952=CARTESIAN_POINT('',(-116.868418146905,-1.,-10.5677964396054));
#4953=CARTESIAN_POINT('',(-116.868418146905,-0.999999977648258,-10.5677964396054));
#4954=CARTESIAN_POINT('',(-111.052628673221,-1.,-10.5677964396054));
#4955=CARTESIAN_POINT('',(-132.581612767807,-0.999999999999997,-10.5677964396054));
#4956=CARTESIAN_POINT('',(-111.952628650869,-0.0999999999999993,-10.5677964396054));
#4957=CARTESIAN_POINT('',(-111.052628673221,-0.999999977648258,-10.5677964396054));
#4958=CARTESIAN_POINT('',(-111.452628650869,-0.0999999999999993,-10.5677964396054));
#4959=CARTESIAN_POINT('',(-111.452628650869,-0.0999999999999993,-10.5677964396054));
#4960=CARTESIAN_POINT('',(-110.552628673221,-1.,-10.5677964396054));
#4961=CARTESIAN_POINT('',(-110.552628673221,-0.999999977648258,-10.5677964396054));
#4962=CARTESIAN_POINT('',(-104.736839199537,-1.,-10.5677964396054));
#4963=CARTESIAN_POINT('',(-132.581612767807,-0.999999999999997,-10.5677964396054));
#4964=CARTESIAN_POINT('',(-105.636839177185,-0.099999999999999,-10.5677964396054));
#4965=CARTESIAN_POINT('',(-104.736839199537,-0.999999977648257,-10.5677964396054));
#4966=CARTESIAN_POINT('',(-105.136839177185,-0.099999999999999,-10.5677964396054));
#4967=CARTESIAN_POINT('',(-105.136839177185,-0.0999999999999991,-10.5677964396054));
#4968=CARTESIAN_POINT('',(-104.236839199537,-1.,-10.5677964396054));
#4969=CARTESIAN_POINT('',(-104.236839199537,-0.999999977648257,-10.5677964396054));
#4970=CARTESIAN_POINT('',(-98.4210497258525,-1.,-10.5677964396054));
#4971=CARTESIAN_POINT('',(-132.581612767807,-0.999999999999997,-10.5677964396054));
#4972=CARTESIAN_POINT('',(-99.3210497035007,-0.0999999999999988,-10.5677964396054));
#4973=CARTESIAN_POINT('',(-98.4210497258525,-0.999999977648257,-10.5677964396054));
#4974=CARTESIAN_POINT('',(-98.8210497035007,-0.0999999999999988,-10.5677964396054));
#4975=CARTESIAN_POINT('',(-98.8210497035007,-0.0999999999999989,-10.5677964396054));
#4976=CARTESIAN_POINT('',(-97.9210497258525,-1.,-10.5677964396054));
#4977=CARTESIAN_POINT('',(-97.9210497258525,-0.999999977648257,-10.5677964396054));
#4978=CARTESIAN_POINT('',(-92.1052602521683,-1.,-10.5677964396054));
#4979=CARTESIAN_POINT('',(-132.581612767807,-0.999999999999997,-10.5677964396054));
#4980=CARTESIAN_POINT('',(-93.0052602298165,-0.0999999999999986,-10.5677964396054));
#4981=CARTESIAN_POINT('',(-92.1052602521683,-0.999999977648257,-10.5677964396054));
#4982=CARTESIAN_POINT('',(-92.5052602298165,-0.0999999999999986,-10.5677964396054));
#4983=CARTESIAN_POINT('',(-92.5052602298165,-0.0999999999999986,-10.5677964396054));
#4984=CARTESIAN_POINT('',(-91.6052602521683,-1.,-10.5677964396054));
#4985=CARTESIAN_POINT('',(-91.6052602521683,-0.999999977648257,-10.5677964396054));
#4986=CARTESIAN_POINT('',(-85.7894707784841,-1.,-10.5677964396054));
#4987=CARTESIAN_POINT('',(-132.581612767807,-0.999999999999997,-10.5677964396054));
#4988=CARTESIAN_POINT('',(-86.6894707561323,-0.0999999999999984,-10.5677964396054));
#4989=CARTESIAN_POINT('',(-85.7894707784841,-0.999999977648257,-10.5677964396054));
#4990=CARTESIAN_POINT('',(-86.1894707561323,-0.0999999999999984,-10.5677964396054));
#4991=CARTESIAN_POINT('',(-86.1894707561323,-0.0999999999999984,-10.5677964396054));
#4992=CARTESIAN_POINT('',(-85.2894707784841,-1.,-10.5677964396054));
#4993=CARTESIAN_POINT('',(-85.2894707784841,-0.999999977648257,-10.5677964396054));
#4994=CARTESIAN_POINT('',(-79.4736813047999,-1.,-10.5677964396054));
#4995=CARTESIAN_POINT('',(-132.581612767807,-0.999999999999997,-10.5677964396054));
#4996=CARTESIAN_POINT('',(-80.3736812824481,-0.0999999999999981,-10.5677964396054));
#4997=CARTESIAN_POINT('',(-79.4736813047999,-0.999999977648256,-10.5677964396054));
#4998=CARTESIAN_POINT('',(-79.8736812824481,-0.0999999999999981,-10.5677964396054));
#4999=CARTESIAN_POINT('',(-79.8736812824481,-0.0999999999999982,-10.5677964396054));
#5000=CARTESIAN_POINT('',(-78.9736813047999,-1.,-10.5677964396054));
#5001=CARTESIAN_POINT('',(-78.9736813047999,-0.999999977648256,-10.5677964396054));
#5002=CARTESIAN_POINT('',(-73.1578918311157,-1.,-10.5677964396054));
#5003=CARTESIAN_POINT('',(-132.581612767807,-0.999999999999997,-10.5677964396054));
#5004=CARTESIAN_POINT('',(-74.0578918087639,-0.0999999999999979,-10.5677964396054));
#5005=CARTESIAN_POINT('',(-73.1578918311157,-0.999999977648256,-10.5677964396054));
#5006=CARTESIAN_POINT('',(-73.5578918087639,-0.0999999999999979,-10.5677964396054));
#5007=CARTESIAN_POINT('',(-73.5578918087639,-0.099999999999998,-10.5677964396054));
#5008=CARTESIAN_POINT('',(-72.6578918311157,-1.,-10.5677964396054));
#5009=CARTESIAN_POINT('',(-72.6578918311157,-0.999999977648256,-10.5677964396054));
#5010=CARTESIAN_POINT('',(-66.8421023574315,-1.,-10.5677964396054));
#5011=CARTESIAN_POINT('',(-132.581612767807,-0.999999999999997,-10.5677964396054));
#5012=CARTESIAN_POINT('',(-67.7421023350797,-0.0999999999999977,-10.5677964396054));
#5013=CARTESIAN_POINT('',(-66.8421023574315,-0.999999977648256,-10.5677964396054));
#5014=CARTESIAN_POINT('',(-67.2421023350797,-0.0999999999999977,-10.5677964396054));
#5015=CARTESIAN_POINT('',(-67.2421023350797,-0.0999999999999977,-10.5677964396054));
#5016=CARTESIAN_POINT('',(-66.3421023574315,-1.,-10.5677964396054));
#5017=CARTESIAN_POINT('',(-66.3421023574315,-0.999999977648256,-10.5677964396054));
#5018=CARTESIAN_POINT('',(-60.5263128837473,-1.,-10.5677964396054));
#5019=CARTESIAN_POINT('',(-132.581612767807,-0.999999999999997,-10.5677964396054));
#5020=CARTESIAN_POINT('',(-61.4263128613955,-0.0999999999999974,-10.5677964396054));
#5021=CARTESIAN_POINT('',(-60.5263128837473,-0.999999977648256,-10.5677964396054));
#5022=CARTESIAN_POINT('',(-60.9263128613955,-0.0999999999999974,-10.5677964396054));
#5023=CARTESIAN_POINT('',(-60.9263128613955,-0.0999999999999975,-10.5677964396054));
#5024=CARTESIAN_POINT('',(-60.0263128837473,-1.,-10.5677964396054));
#5025=CARTESIAN_POINT('',(-60.0263128837473,-0.999999977648256,-10.5677964396054));
#5026=CARTESIAN_POINT('',(-54.210523410063,-1.,-10.5677964396054));
#5027=CARTESIAN_POINT('',(-132.581612767807,-0.999999999999997,-10.5677964396054));
#5028=CARTESIAN_POINT('',(-55.1105233877113,-0.0999999999999972,-10.5677964396054));
#5029=CARTESIAN_POINT('',(-54.210523410063,-0.999999977648255,-10.5677964396054));
#5030=CARTESIAN_POINT('',(-54.6105233877113,-0.0999999999999972,-10.5677964396054));
#5031=CARTESIAN_POINT('',(-54.6105233877113,-0.0999999999999973,-10.5677964396054));
#5032=CARTESIAN_POINT('',(-53.710523410063,-1.,-10.5677964396054));
#5033=CARTESIAN_POINT('',(-53.710523410063,-0.999999977648255,-10.5677964396054));
#5034=CARTESIAN_POINT('',(-47.8947339363788,-1.,-10.5677964396054));
#5035=CARTESIAN_POINT('',(-132.581612767807,-0.999999999999997,-10.5677964396054));
#5036=CARTESIAN_POINT('',(-48.7947339140271,-0.099999999999997,-10.5677964396054));
#5037=CARTESIAN_POINT('',(-47.8947339363788,-0.999999977648255,-10.5677964396054));
#5038=CARTESIAN_POINT('',(-48.2947339140271,-0.099999999999997,-10.5677964396054));
#5039=CARTESIAN_POINT('',(-48.2947339140271,-0.099999999999997,-10.5677964396054));
#5040=CARTESIAN_POINT('',(-47.3947339363788,-1.,-10.5677964396054));
#5041=CARTESIAN_POINT('',(-47.3947339363788,-0.999999977648255,-10.5677964396054));
#5042=CARTESIAN_POINT('',(-41.5789444626946,-1.,-10.5677964396054));
#5043=CARTESIAN_POINT('',(-132.581612767807,-0.999999999999997,-10.5677964396054));
#5044=CARTESIAN_POINT('',(-42.4789444403429,-0.0999999999999967,-10.5677964396054));
#5045=CARTESIAN_POINT('',(-41.5789444626946,-0.999999977648255,-10.5677964396054));
#5046=CARTESIAN_POINT('',(-41.9789444403429,-0.0999999999999967,-10.5677964396054));
#5047=CARTESIAN_POINT('',(-41.9789444403429,-0.0999999999999968,-10.5677964396054));
#5048=CARTESIAN_POINT('',(-41.0789444626946,-1.,-10.5677964396054));
#5049=CARTESIAN_POINT('',(-41.0789444626946,-0.999999977648255,-10.5677964396054));
#5050=CARTESIAN_POINT('',(-35.2631549890104,-1.,-10.5677964396054));
#5051=CARTESIAN_POINT('',(-132.581612767807,-0.999999999999997,-10.5677964396054));
#5052=CARTESIAN_POINT('',(-36.1631549666587,-0.0999999999999965,-10.5677964396054));
#5053=CARTESIAN_POINT('',(-35.2631549890104,-0.999999977648255,-10.5677964396054));
#5054=CARTESIAN_POINT('',(-35.6631549666587,-0.0999999999999965,-10.5677964396054));
#5055=CARTESIAN_POINT('',(-35.6631549666587,-0.0999999999999966,-10.5677964396054));
#5056=CARTESIAN_POINT('',(-34.7631549890104,-1.,-10.5677964396054));
#5057=CARTESIAN_POINT('',(-34.7631549890104,-0.999999977648255,-10.5677964396054));
#5058=CARTESIAN_POINT('',(-28.9473655153262,-1.,-10.5677964396054));
#5059=CARTESIAN_POINT('',(-132.581612767807,-0.999999999999997,-10.5677964396054));
#5060=CARTESIAN_POINT('',(-29.8473654929744,-0.0999999999999963,-10.5677964396054));
#5061=CARTESIAN_POINT('',(-28.9473655153262,-0.999999977648254,-10.5677964396054));
#5062=CARTESIAN_POINT('',(-29.3473654929744,-0.0999999999999963,-10.5677964396054));
#5063=CARTESIAN_POINT('',(-29.3473654929744,-0.0999999999999964,-10.5677964396054));
#5064=CARTESIAN_POINT('',(-28.4473655153262,-1.,-10.5677964396054));
#5065=CARTESIAN_POINT('',(-28.4473655153262,-0.999999977648254,-10.5677964396054));
#5066=CARTESIAN_POINT('',(-22.631576041642,-1.,-10.5677964396054));
#5067=CARTESIAN_POINT('',(-132.581612767807,-0.999999999999997,-10.5677964396054));
#5068=CARTESIAN_POINT('',(-23.5315760192902,-0.0999999999999961,-10.5677964396054));
#5069=CARTESIAN_POINT('',(-22.631576041642,-0.999999977648254,-10.5677964396054));
#5070=CARTESIAN_POINT('',(-23.0315760192902,-0.0999999999999961,-10.5677964396054));
#5071=CARTESIAN_POINT('',(-23.0315760192902,-0.0999999999999961,-10.5677964396054));
#5072=CARTESIAN_POINT('',(-22.131576041642,-1.,-10.5677964396054));
#5073=CARTESIAN_POINT('',(-22.131576041642,-0.999999977648254,-10.5677964396054));
#5074=CARTESIAN_POINT('',(-16.3157865679578,-0.999999999999999,-10.5677964396054));
#5075=CARTESIAN_POINT('',(-132.581612767807,-0.999999999999997,-10.5677964396054));
#5076=CARTESIAN_POINT('',(-17.215786545606,-0.0999999999999958,-10.5677964396054));
#5077=CARTESIAN_POINT('',(-16.3157865679578,-0.999999977648254,-10.5677964396054));
#5078=CARTESIAN_POINT('',(-16.715786545606,-0.0999999999999958,-10.5677964396054));
#5079=CARTESIAN_POINT('',(-16.715786545606,-0.0999999999999959,-10.5677964396054));
#5080=CARTESIAN_POINT('',(-15.8157865679578,-0.999999999999999,-10.5677964396054));
#5081=CARTESIAN_POINT('',(-15.8157865679578,-0.999999977648254,-10.5677964396054));
#5082=CARTESIAN_POINT('',(-9.99999709427357,-0.999999999999999,-10.5677964396054));
#5083=CARTESIAN_POINT('',(-132.581612767807,-0.999999999999997,-10.5677964396054));
#5084=CARTESIAN_POINT('',(-10.8999970719218,-0.0999999999999956,-10.5677964396054));
#5085=CARTESIAN_POINT('',(-9.99999709427357,-0.999999977648254,-10.5677964396054));
#5086=CARTESIAN_POINT('',(-10.3999970719218,-0.0999999999999956,-10.5677964396054));
#5087=CARTESIAN_POINT('',(-10.3999970719218,-0.0999999999999957,-10.5677964396054));
#5088=CARTESIAN_POINT('',(-9.49999709427356,-0.999999999999999,-10.5677964396054));
#5089=CARTESIAN_POINT('',(-9.49999709427356,-0.999999977648254,-10.5677964396054));
#5090=CARTESIAN_POINT('',(-2.58161276780724,-0.999999999999995,-10.5677964396054));
#5091=CARTESIAN_POINT('',(-132.581612767807,-0.999999999999997,-10.5677964396054));
#5092=CARTESIAN_POINT('',(-2.58161276780724,-0.999999999999995,-10.5677964396054));
#5093=CARTESIAN_POINT('Origin',(-67.5816127678073,-65.9999999999999,-8.56779643960545));
#5094=CARTESIAN_POINT('',(-132.581612767807,-0.999999999999997,-8.56779643960545));
#5095=CARTESIAN_POINT('',(-131.167399205434,-0.999999999999996,-8.56779643960545));
#5096=CARTESIAN_POINT('',(-132.581612767807,-0.999999999999997,-8.56779643960545));
#5097=CARTESIAN_POINT('',(-131.874505986621,-0.29289321881345,-8.56779643960545));
#5098=CARTESIAN_POINT('',(-132.581612767807,-1.00000000000001,-8.56779643960545));
#5099=CARTESIAN_POINT('',(-66.8745059866208,-65.2928932188134,-8.56779643960545));
#5100=CARTESIAN_POINT('Origin',(-132.581612767807,-1.00000000000001,-8.56779643960545));
#5101=CARTESIAN_POINT('',(-67.5816127678073,-65.9999999999999,16.2279434972596));
#5102=CARTESIAN_POINT('',(-132.581612767807,-1.00000000000001,-8.56779643960545));
#5103=CARTESIAN_POINT('',(-66.8745059866208,-65.2928932188134,16.2279434972596));
#5104=CARTESIAN_POINT('',(-67.5816127678073,-65.9999999999999,16.2279434972596));
#5105=CARTESIAN_POINT('',(-131.874505986621,-0.292893218813459,-8.56779643960545));
#5106=CARTESIAN_POINT('Origin',(-99.3745059866207,-32.7928932188134,3.83007352882706));
#5107=CARTESIAN_POINT('',(-66.8745059866208,-65.2928932188134,-8.56779643960545));
#5108=CARTESIAN_POINT('',(-66.8745059866208,-65.2928932188134,-8.56779643960545));
#5109=CARTESIAN_POINT('',(-91.2495059866207,-40.9178932188134,-8.56779643960545));
#5110=CARTESIAN_POINT('Origin',(-10.3999970719218,-0.0999999999999992,-8.56779643960545));
#5111=CARTESIAN_POINT('',(-9.49999709427356,-0.999999999999999,-8.56779643960545));
#5112=CARTESIAN_POINT('',(-10.3999970719218,-0.0999999999999957,-8.56779643960545));
#5113=CARTESIAN_POINT('',(-9.49999709427356,-0.999999977648254,-8.56779643960545));
#5114=CARTESIAN_POINT('',(-9.49999707192181,-0.999999999999996,-8.56779643960545));
#5115=CARTESIAN_POINT('',(-10.3999970719218,-0.0999999999999957,-8.56779643960545));
#5116=CARTESIAN_POINT('Origin',(-10.8999970719218,-0.0999999999999957,-8.56779643960545));
#5117=CARTESIAN_POINT('',(-10.8999970719218,-0.0999999999999957,-8.56779643960545));
#5118=CARTESIAN_POINT('',(-10.3999970719218,-0.0999999999999957,-8.56779643960545));
#5119=CARTESIAN_POINT('',(-10.8999970719218,-0.0999999999999957,-8.56779643960545));
#5120=CARTESIAN_POINT('Origin',(-9.99999709427357,-0.999999977648254,-8.56779643960545));
#5121=CARTESIAN_POINT('',(-9.99999709427357,-0.999999999999999,-8.56779643960545));
#5122=CARTESIAN_POINT('',(-9.99999709427357,-0.999999977648254,-8.56779643960545));
#5123=CARTESIAN_POINT('',(-9.99999707192182,-0.999999999999996,-8.56779643960545));
#5124=CARTESIAN_POINT('Origin',(-16.715786545606,-0.0999999999999994,-8.56779643960545));
#5125=CARTESIAN_POINT('',(-15.8157865679578,-0.999999999999999,-8.56779643960545));
#5126=CARTESIAN_POINT('',(-16.715786545606,-0.0999999999999959,-8.56779643960545));
#5127=CARTESIAN_POINT('',(-15.8157865679578,-0.999999977648254,-8.56779643960545));
#5128=CARTESIAN_POINT('',(-15.815786545606,-0.999999999999996,-8.56779643960545));
#5129=CARTESIAN_POINT('',(-16.715786545606,-0.0999999999999959,-8.56779643960545));
#5130=CARTESIAN_POINT('Origin',(-17.215786545606,-0.0999999999999959,-8.56779643960545));
#5131=CARTESIAN_POINT('',(-17.215786545606,-0.0999999999999959,-8.56779643960545));
#5132=CARTESIAN_POINT('',(-16.715786545606,-0.0999999999999959,-8.56779643960545));
#5133=CARTESIAN_POINT('',(-17.215786545606,-0.0999999999999959,-8.56779643960545));
#5134=CARTESIAN_POINT('Origin',(-16.3157865679578,-0.999999977648254,-8.56779643960545));
#5135=CARTESIAN_POINT('',(-16.3157865679578,-0.999999999999999,-8.56779643960545));
#5136=CARTESIAN_POINT('',(-16.3157865679578,-0.999999977648254,-8.56779643960545));
#5137=CARTESIAN_POINT('',(-16.315786545606,-0.999999999999996,-8.56779643960545));
#5138=CARTESIAN_POINT('Origin',(-23.0315760192902,-0.0999999999999997,-8.56779643960545));
#5139=CARTESIAN_POINT('',(-22.131576041642,-1.,-8.56779643960545));
#5140=CARTESIAN_POINT('',(-23.0315760192902,-0.0999999999999961,-8.56779643960545));
#5141=CARTESIAN_POINT('',(-22.131576041642,-0.999999977648254,-8.56779643960545));
#5142=CARTESIAN_POINT('',(-22.1315760192902,-0.999999999999996,-8.56779643960545));
#5143=CARTESIAN_POINT('',(-23.0315760192902,-0.0999999999999961,-8.56779643960545));
#5144=CARTESIAN_POINT('Origin',(-23.5315760192902,-0.0999999999999961,-8.56779643960545));
#5145=CARTESIAN_POINT('',(-23.5315760192902,-0.0999999999999961,-8.56779643960545));
#5146=CARTESIAN_POINT('',(-23.0315760192902,-0.0999999999999961,-8.56779643960545));
#5147=CARTESIAN_POINT('',(-23.5315760192902,-0.0999999999999961,-8.56779643960545));
#5148=CARTESIAN_POINT('Origin',(-22.631576041642,-0.999999977648254,-8.56779643960545));
#5149=CARTESIAN_POINT('',(-22.631576041642,-1.,-8.56779643960545));
#5150=CARTESIAN_POINT('',(-22.631576041642,-0.999999977648254,-8.56779643960545));
#5151=CARTESIAN_POINT('',(-22.6315760192902,-0.999999999999996,-8.56779643960545));
#5152=CARTESIAN_POINT('Origin',(-29.3473654929744,-0.0999999999999999,-8.56779643960545));
#5153=CARTESIAN_POINT('',(-28.4473655153262,-1.,-8.56779643960545));
#5154=CARTESIAN_POINT('',(-29.3473654929744,-0.0999999999999964,-8.56779643960545));
#5155=CARTESIAN_POINT('',(-28.4473655153262,-0.999999977648254,-8.56779643960545));
#5156=CARTESIAN_POINT('',(-28.4473654929744,-0.999999999999996,-8.56779643960545));
#5157=CARTESIAN_POINT('',(-29.3473654929744,-0.0999999999999964,-8.56779643960545));
#5158=CARTESIAN_POINT('Origin',(-29.8473654929744,-0.0999999999999964,-8.56779643960545));
#5159=CARTESIAN_POINT('',(-29.8473654929744,-0.0999999999999964,-8.56779643960545));
#5160=CARTESIAN_POINT('',(-29.3473654929744,-0.0999999999999964,-8.56779643960545));
#5161=CARTESIAN_POINT('',(-29.8473654929744,-0.0999999999999964,-8.56779643960545));
#5162=CARTESIAN_POINT('Origin',(-28.9473655153262,-0.999999977648254,-8.56779643960545));
#5163=CARTESIAN_POINT('',(-28.9473655153262,-1.,-8.56779643960545));
#5164=CARTESIAN_POINT('',(-28.9473655153262,-0.999999977648254,-8.56779643960545));
#5165=CARTESIAN_POINT('',(-28.9473654929744,-0.999999999999992,-8.56779643960545));
#5166=CARTESIAN_POINT('Origin',(-35.6631549666587,-0.1,-8.56779643960545));
#5167=CARTESIAN_POINT('',(-34.7631549890104,-1.,-8.56779643960545));
#5168=CARTESIAN_POINT('',(-35.6631549666587,-0.0999999999999966,-8.56779643960545));
#5169=CARTESIAN_POINT('',(-34.7631549890104,-0.999999977648255,-8.56779643960545));
#5170=CARTESIAN_POINT('',(-34.7631549666587,-0.999999999999996,-8.56779643960545));
#5171=CARTESIAN_POINT('',(-35.6631549666587,-0.0999999999999966,-8.56779643960545));
#5172=CARTESIAN_POINT('Origin',(-36.1631549666587,-0.0999999999999966,-8.56779643960545));
#5173=CARTESIAN_POINT('',(-36.1631549666587,-0.0999999999999966,-8.56779643960545));
#5174=CARTESIAN_POINT('',(-35.6631549666587,-0.0999999999999966,-8.56779643960545));
#5175=CARTESIAN_POINT('',(-36.1631549666587,-0.0999999999999966,-8.56779643960545));
#5176=CARTESIAN_POINT('Origin',(-35.2631549890104,-0.999999977648255,-8.56779643960545));
#5177=CARTESIAN_POINT('',(-35.2631549890104,-1.,-8.56779643960545));
#5178=CARTESIAN_POINT('',(-35.2631549890104,-0.999999977648255,-8.56779643960545));
#5179=CARTESIAN_POINT('',(-35.2631549666587,-0.999999999999996,-8.56779643960545));
#5180=CARTESIAN_POINT('Origin',(-41.9789444403429,-0.1,-8.56779643960545));
#5181=CARTESIAN_POINT('',(-41.0789444626946,-1.,-8.56779643960545));
#5182=CARTESIAN_POINT('',(-41.9789444403429,-0.0999999999999968,-8.56779643960545));
#5183=CARTESIAN_POINT('',(-41.0789444626946,-0.999999977648255,-8.56779643960545));
#5184=CARTESIAN_POINT('',(-41.0789444403429,-0.999999999999996,-8.56779643960545));
#5185=CARTESIAN_POINT('',(-41.9789444403429,-0.0999999999999968,-8.56779643960545));
#5186=CARTESIAN_POINT('Origin',(-42.4789444403429,-0.0999999999999968,-8.56779643960545));
#5187=CARTESIAN_POINT('',(-42.4789444403429,-0.0999999999999968,-8.56779643960545));
#5188=CARTESIAN_POINT('',(-41.9789444403429,-0.0999999999999968,-8.56779643960545));
#5189=CARTESIAN_POINT('',(-42.4789444403429,-0.0999999999999968,-8.56779643960545));
#5190=CARTESIAN_POINT('Origin',(-41.5789444626946,-0.999999977648255,-8.56779643960545));
#5191=CARTESIAN_POINT('',(-41.5789444626946,-1.,-8.56779643960545));
#5192=CARTESIAN_POINT('',(-41.5789444626946,-0.999999977648255,-8.56779643960545));
#5193=CARTESIAN_POINT('',(-41.5789444403429,-0.999999999999996,-8.56779643960545));
#5194=CARTESIAN_POINT('Origin',(-48.2947339140271,-0.100000000000001,-8.56779643960545));
#5195=CARTESIAN_POINT('',(-47.3947339363788,-1.,-8.56779643960545));
#5196=CARTESIAN_POINT('',(-48.2947339140271,-0.099999999999997,-8.56779643960545));
#5197=CARTESIAN_POINT('',(-47.3947339363788,-0.999999977648255,-8.56779643960545));
#5198=CARTESIAN_POINT('',(-47.3947339140271,-0.999999999999996,-8.56779643960545));
#5199=CARTESIAN_POINT('',(-48.2947339140271,-0.099999999999997,-8.56779643960545));
#5200=CARTESIAN_POINT('Origin',(-48.7947339140271,-0.099999999999997,-8.56779643960545));
#5201=CARTESIAN_POINT('',(-48.7947339140271,-0.099999999999997,-8.56779643960545));
#5202=CARTESIAN_POINT('',(-48.2947339140271,-0.099999999999997,-8.56779643960545));
#5203=CARTESIAN_POINT('',(-48.7947339140271,-0.099999999999997,-8.56779643960545));
#5204=CARTESIAN_POINT('Origin',(-47.8947339363788,-0.999999977648255,-8.56779643960545));
#5205=CARTESIAN_POINT('',(-47.8947339363788,-1.,-8.56779643960545));
#5206=CARTESIAN_POINT('',(-47.8947339363788,-0.999999977648255,-8.56779643960545));
#5207=CARTESIAN_POINT('',(-47.8947339140271,-0.999999999999992,-8.56779643960545));
#5208=CARTESIAN_POINT('Origin',(-54.6105233877113,-0.100000000000001,-8.56779643960545));
#5209=CARTESIAN_POINT('',(-53.710523410063,-1.,-8.56779643960545));
#5210=CARTESIAN_POINT('',(-54.6105233877113,-0.0999999999999973,-8.56779643960545));
#5211=CARTESIAN_POINT('',(-53.710523410063,-0.999999977648255,-8.56779643960545));
#5212=CARTESIAN_POINT('',(-53.7105233877113,-0.999999999999996,-8.56779643960545));
#5213=CARTESIAN_POINT('',(-54.6105233877113,-0.0999999999999973,-8.56779643960545));
#5214=CARTESIAN_POINT('Origin',(-55.1105233877113,-0.0999999999999973,-8.56779643960545));
#5215=CARTESIAN_POINT('',(-55.1105233877113,-0.0999999999999973,-8.56779643960545));
#5216=CARTESIAN_POINT('',(-54.6105233877113,-0.0999999999999973,-8.56779643960545));
#5217=CARTESIAN_POINT('',(-55.1105233877113,-0.0999999999999973,-8.56779643960545));
#5218=CARTESIAN_POINT('Origin',(-54.210523410063,-0.999999977648255,-8.56779643960545));
#5219=CARTESIAN_POINT('',(-54.210523410063,-1.,-8.56779643960545));
#5220=CARTESIAN_POINT('',(-54.210523410063,-0.999999977648255,-8.56779643960545));
#5221=CARTESIAN_POINT('',(-54.2105233877113,-0.999999999999996,-8.56779643960545));
#5222=CARTESIAN_POINT('Origin',(-60.9263128613955,-0.100000000000001,-8.56779643960545));
#5223=CARTESIAN_POINT('',(-60.0263128837473,-1.,-8.56779643960545));
#5224=CARTESIAN_POINT('',(-60.9263128613955,-0.0999999999999975,-8.56779643960545));
#5225=CARTESIAN_POINT('',(-60.0263128837473,-0.999999977648256,-8.56779643960545));
#5226=CARTESIAN_POINT('',(-60.0263128613955,-0.999999999999996,-8.56779643960545));
#5227=CARTESIAN_POINT('',(-60.9263128613955,-0.0999999999999975,-8.56779643960545));
#5228=CARTESIAN_POINT('Origin',(-61.4263128613955,-0.0999999999999975,-8.56779643960545));
#5229=CARTESIAN_POINT('',(-61.4263128613955,-0.0999999999999975,-8.56779643960545));
#5230=CARTESIAN_POINT('',(-60.9263128613955,-0.0999999999999975,-8.56779643960545));
#5231=CARTESIAN_POINT('',(-61.4263128613955,-0.0999999999999975,-8.56779643960545));
#5232=CARTESIAN_POINT('Origin',(-60.5263128837473,-0.999999977648256,-8.56779643960545));
#5233=CARTESIAN_POINT('',(-60.5263128837473,-1.,-8.56779643960545));
#5234=CARTESIAN_POINT('',(-60.5263128837473,-0.999999977648256,-8.56779643960545));
#5235=CARTESIAN_POINT('',(-60.5263128613955,-0.999999999999996,-8.56779643960545));
#5236=CARTESIAN_POINT('Origin',(-67.2421023350797,-0.100000000000001,-8.56779643960545));
#5237=CARTESIAN_POINT('',(-66.3421023574315,-1.,-8.56779643960545));
#5238=CARTESIAN_POINT('',(-67.2421023350797,-0.0999999999999977,-8.56779643960545));
#5239=CARTESIAN_POINT('',(-66.3421023574315,-0.999999977648256,-8.56779643960545));
#5240=CARTESIAN_POINT('',(-66.3421023350797,-0.999999999999996,-8.56779643960545));
#5241=CARTESIAN_POINT('',(-67.2421023350797,-0.0999999999999977,-8.56779643960545));
#5242=CARTESIAN_POINT('Origin',(-67.7421023350797,-0.0999999999999977,-8.56779643960545));
#5243=CARTESIAN_POINT('',(-67.7421023350797,-0.0999999999999977,-8.56779643960545));
#5244=CARTESIAN_POINT('',(-67.2421023350797,-0.0999999999999977,-8.56779643960545));
#5245=CARTESIAN_POINT('',(-67.7421023350797,-0.0999999999999977,-8.56779643960545));
#5246=CARTESIAN_POINT('Origin',(-66.8421023574315,-0.999999977648256,-8.56779643960545));
#5247=CARTESIAN_POINT('',(-66.8421023574315,-1.,-8.56779643960545));
#5248=CARTESIAN_POINT('',(-66.8421023574315,-0.999999977648256,-8.56779643960545));
#5249=CARTESIAN_POINT('',(-66.8421023350797,-0.999999999999994,-8.56779643960545));
#5250=CARTESIAN_POINT('Origin',(-73.5578918087639,-0.100000000000001,-8.56779643960545));
#5251=CARTESIAN_POINT('',(-72.6578918311157,-1.,-8.56779643960545));
#5252=CARTESIAN_POINT('',(-73.5578918087639,-0.099999999999998,-8.56779643960545));
#5253=CARTESIAN_POINT('',(-72.6578918311157,-0.999999977648256,-8.56779643960545));
#5254=CARTESIAN_POINT('',(-72.6578918087639,-0.999999999999996,-8.56779643960545));
#5255=CARTESIAN_POINT('',(-73.5578918087639,-0.099999999999998,-8.56779643960545));
#5256=CARTESIAN_POINT('Origin',(-74.0578918087639,-0.099999999999998,-8.56779643960545));
#5257=CARTESIAN_POINT('',(-74.0578918087639,-0.099999999999998,-8.56779643960545));
#5258=CARTESIAN_POINT('',(-73.5578918087639,-0.099999999999998,-8.56779643960545));
#5259=CARTESIAN_POINT('',(-74.0578918087639,-0.099999999999998,-8.56779643960545));
#5260=CARTESIAN_POINT('Origin',(-73.1578918311157,-0.999999977648256,-8.56779643960545));
#5261=CARTESIAN_POINT('',(-73.1578918311157,-1.,-8.56779643960545));
#5262=CARTESIAN_POINT('',(-73.1578918311157,-0.999999977648256,-8.56779643960545));
#5263=CARTESIAN_POINT('',(-73.1578918087639,-0.999999999999996,-8.56779643960545));
#5264=CARTESIAN_POINT('Origin',(-79.8736812824481,-0.100000000000002,-8.56779643960545));
#5265=CARTESIAN_POINT('',(-78.9736813047999,-1.,-8.56779643960545));
#5266=CARTESIAN_POINT('',(-79.8736812824481,-0.0999999999999982,-8.56779643960545));
#5267=CARTESIAN_POINT('',(-78.9736813047999,-0.999999977648256,-8.56779643960545));
#5268=CARTESIAN_POINT('',(-78.9736812824481,-0.999999999999994,-8.56779643960545));
#5269=CARTESIAN_POINT('',(-79.8736812824481,-0.0999999999999982,-8.56779643960545));
#5270=CARTESIAN_POINT('Origin',(-80.3736812824481,-0.0999999999999982,-8.56779643960545));
#5271=CARTESIAN_POINT('',(-80.3736812824481,-0.0999999999999982,-8.56779643960545));
#5272=CARTESIAN_POINT('',(-79.8736812824481,-0.0999999999999982,-8.56779643960545));
#5273=CARTESIAN_POINT('',(-80.3736812824481,-0.0999999999999982,-8.56779643960545));
#5274=CARTESIAN_POINT('Origin',(-79.4736813047999,-0.999999977648256,-8.56779643960545));
#5275=CARTESIAN_POINT('',(-79.4736813047999,-1.,-8.56779643960545));
#5276=CARTESIAN_POINT('',(-79.4736813047999,-0.999999977648256,-8.56779643960545));
#5277=CARTESIAN_POINT('',(-79.4736812824481,-0.999999999999996,-8.56779643960545));
#5278=CARTESIAN_POINT('Origin',(-86.1894707561323,-0.100000000000002,-8.56779643960545));
#5279=CARTESIAN_POINT('',(-85.2894707784841,-1.,-8.56779643960545));
#5280=CARTESIAN_POINT('',(-86.1894707561323,-0.0999999999999984,-8.56779643960545));
#5281=CARTESIAN_POINT('',(-85.2894707784841,-0.999999977648257,-8.56779643960545));
#5282=CARTESIAN_POINT('',(-85.2894707561323,-0.999999999999996,-8.56779643960545));
#5283=CARTESIAN_POINT('',(-86.1894707561323,-0.0999999999999984,-8.56779643960545));
#5284=CARTESIAN_POINT('Origin',(-86.6894707561323,-0.0999999999999984,-8.56779643960545));
#5285=CARTESIAN_POINT('',(-86.6894707561323,-0.0999999999999984,-8.56779643960545));
#5286=CARTESIAN_POINT('',(-86.1894707561323,-0.0999999999999984,-8.56779643960545));
#5287=CARTESIAN_POINT('',(-86.6894707561323,-0.0999999999999984,-8.56779643960545));
#5288=CARTESIAN_POINT('Origin',(-85.7894707784841,-0.999999977648257,-8.56779643960545));
#5289=CARTESIAN_POINT('',(-85.7894707784841,-1.,-8.56779643960545));
#5290=CARTESIAN_POINT('',(-85.7894707784841,-0.999999977648257,-8.56779643960545));
#5291=CARTESIAN_POINT('',(-85.7894707561324,-0.999999999999996,-8.56779643960545));
#5292=CARTESIAN_POINT('Origin',(-92.5052602298165,-0.100000000000002,-8.56779643960545));
#5293=CARTESIAN_POINT('',(-91.6052602521683,-1.,-8.56779643960545));
#5294=CARTESIAN_POINT('',(-92.5052602298165,-0.0999999999999986,-8.56779643960545));
#5295=CARTESIAN_POINT('',(-91.6052602521683,-0.999999977648257,-8.56779643960545));
#5296=CARTESIAN_POINT('',(-91.6052602298166,-0.999999999999996,-8.56779643960545));
#5297=CARTESIAN_POINT('',(-92.5052602298165,-0.0999999999999986,-8.56779643960545));
#5298=CARTESIAN_POINT('Origin',(-93.0052602298165,-0.0999999999999986,-8.56779643960545));
#5299=CARTESIAN_POINT('',(-93.0052602298165,-0.0999999999999986,-8.56779643960545));
#5300=CARTESIAN_POINT('',(-92.5052602298165,-0.0999999999999986,-8.56779643960545));
#5301=CARTESIAN_POINT('',(-93.0052602298165,-0.0999999999999986,-8.56779643960545));
#5302=CARTESIAN_POINT('Origin',(-92.1052602521683,-0.999999977648257,-8.56779643960545));
#5303=CARTESIAN_POINT('',(-92.1052602521683,-1.,-8.56779643960545));
#5304=CARTESIAN_POINT('',(-92.1052602521683,-0.999999977648257,-8.56779643960545));
#5305=CARTESIAN_POINT('',(-92.1052602298166,-0.999999999999994,-8.56779643960545));
#5306=CARTESIAN_POINT('Origin',(-98.8210497035007,-0.100000000000002,-8.56779643960545));
#5307=CARTESIAN_POINT('',(-97.9210497258525,-1.,-8.56779643960545));
#5308=CARTESIAN_POINT('',(-98.8210497035007,-0.0999999999999989,-8.56779643960545));
#5309=CARTESIAN_POINT('',(-97.9210497258525,-0.999999977648257,-8.56779643960545));
#5310=CARTESIAN_POINT('',(-97.9210497035007,-0.999999999999998,-8.56779643960545));
#5311=CARTESIAN_POINT('',(-98.8210497035007,-0.0999999999999989,-8.56779643960545));
#5312=CARTESIAN_POINT('Origin',(-99.3210497035007,-0.0999999999999989,-8.56779643960545));
#5313=CARTESIAN_POINT('',(-99.3210497035007,-0.0999999999999989,-8.56779643960545));
#5314=CARTESIAN_POINT('',(-98.8210497035007,-0.0999999999999989,-8.56779643960545));
#5315=CARTESIAN_POINT('',(-99.3210497035007,-0.0999999999999989,-8.56779643960545));
#5316=CARTESIAN_POINT('Origin',(-98.4210497258525,-0.999999977648257,-8.56779643960545));
#5317=CARTESIAN_POINT('',(-98.4210497258525,-1.,-8.56779643960545));
#5318=CARTESIAN_POINT('',(-98.4210497258525,-0.999999977648257,-8.56779643960545));
#5319=CARTESIAN_POINT('',(-98.4210497035008,-0.999999999999996,-8.56779643960545));
#5320=CARTESIAN_POINT('Origin',(-105.136839177185,-0.100000000000003,-8.56779643960545));
#5321=CARTESIAN_POINT('',(-104.236839199537,-1.,-8.56779643960545));
#5322=CARTESIAN_POINT('',(-105.136839177185,-0.0999999999999991,-8.56779643960545));
#5323=CARTESIAN_POINT('',(-104.236839199537,-0.999999977648257,-8.56779643960545));
#5324=CARTESIAN_POINT('',(-104.236839177185,-0.999999999999998,-8.56779643960545));
#5325=CARTESIAN_POINT('',(-105.136839177185,-0.0999999999999991,-8.56779643960545));
#5326=CARTESIAN_POINT('Origin',(-105.636839177185,-0.0999999999999991,-8.56779643960545));
#5327=CARTESIAN_POINT('',(-105.636839177185,-0.0999999999999991,-8.56779643960545));
#5328=CARTESIAN_POINT('',(-105.136839177185,-0.0999999999999991,-8.56779643960545));
#5329=CARTESIAN_POINT('',(-105.636839177185,-0.0999999999999991,-8.56779643960545));
#5330=CARTESIAN_POINT('Origin',(-104.736839199537,-0.999999977648257,-8.56779643960545));
#5331=CARTESIAN_POINT('',(-104.736839199537,-1.,-8.56779643960545));
#5332=CARTESIAN_POINT('',(-104.736839199537,-0.999999977648257,-8.56779643960545));
#5333=CARTESIAN_POINT('',(-104.736839177185,-0.999999999999998,-8.56779643960545));
#5334=CARTESIAN_POINT('Origin',(-111.452628650869,-0.100000000000003,-8.56779643960545));
#5335=CARTESIAN_POINT('',(-110.552628673221,-1.,-8.56779643960545));
#5336=CARTESIAN_POINT('',(-111.452628650869,-0.0999999999999993,-8.56779643960545));
#5337=CARTESIAN_POINT('',(-110.552628673221,-0.999999977648258,-8.56779643960545));
#5338=CARTESIAN_POINT('',(-110.552628650869,-0.999999999999996,-8.56779643960545));
#5339=CARTESIAN_POINT('',(-111.452628650869,-0.0999999999999993,-8.56779643960545));
#5340=CARTESIAN_POINT('Origin',(-111.952628650869,-0.0999999999999993,-8.56779643960545));
#5341=CARTESIAN_POINT('',(-111.952628650869,-0.0999999999999993,-8.56779643960545));
#5342=CARTESIAN_POINT('',(-111.452628650869,-0.0999999999999993,-8.56779643960545));
#5343=CARTESIAN_POINT('',(-111.952628650869,-0.0999999999999993,-8.56779643960545));
#5344=CARTESIAN_POINT('Origin',(-111.052628673221,-0.999999977648258,-8.56779643960545));
#5345=CARTESIAN_POINT('',(-111.052628673221,-1.,-8.56779643960545));
#5346=CARTESIAN_POINT('',(-111.052628673221,-0.999999977648258,-8.56779643960545));
#5347=CARTESIAN_POINT('',(-111.052628650869,-0.999999999999998,-8.56779643960545));
#5348=CARTESIAN_POINT('Origin',(-117.768418124553,-0.100000000000003,-8.56779643960545));
#5349=CARTESIAN_POINT('',(-116.868418146905,-1.,-8.56779643960545));
#5350=CARTESIAN_POINT('',(-117.768418124553,-0.0999999999999996,-8.56779643960545));
#5351=CARTESIAN_POINT('',(-116.868418146905,-0.999999977648258,-8.56779643960545));
#5352=CARTESIAN_POINT('',(-116.868418124553,-0.999999999999997,-8.56779643960545));
#5353=CARTESIAN_POINT('',(-117.768418124553,-0.0999999999999996,-8.56779643960545));
#5354=CARTESIAN_POINT('Origin',(-118.268418124553,-0.0999999999999996,-8.56779643960545));
#5355=CARTESIAN_POINT('',(-118.268418124553,-0.0999999999999996,-8.56779643960545));
#5356=CARTESIAN_POINT('',(-117.768418124553,-0.0999999999999996,-8.56779643960545));
#5357=CARTESIAN_POINT('',(-118.268418124553,-0.0999999999999996,-8.56779643960545));
#5358=CARTESIAN_POINT('Origin',(-117.368418146905,-0.999999977648258,-8.56779643960545));
#5359=CARTESIAN_POINT('',(-117.368418146905,-1.,-8.56779643960545));
#5360=CARTESIAN_POINT('',(-117.368418146905,-0.999999977648258,-8.56779643960545));
#5361=CARTESIAN_POINT('',(-117.368418124553,-0.999999999999997,-8.56779643960545));
#5362=CARTESIAN_POINT('Origin',(-124.084207598238,-0.100000000000003,-8.56779643960545));
#5363=CARTESIAN_POINT('',(-123.184207620589,-1.,-8.56779643960545));
#5364=CARTESIAN_POINT('',(-124.084207598238,-0.0999999999999998,-8.56779643960545));
#5365=CARTESIAN_POINT('',(-123.184207620589,-0.999999977648258,-8.56779643960545));
#5366=CARTESIAN_POINT('',(-123.184207598238,-0.999999999999996,-8.56779643960545));
#5367=CARTESIAN_POINT('',(-124.084207598238,-0.0999999999999998,-8.56779643960545));
#5368=CARTESIAN_POINT('Origin',(-124.584207598238,-0.0999999999999998,-8.56779643960545));
#5369=CARTESIAN_POINT('',(-124.584207598238,-0.0999999999999998,-8.56779643960545));
#5370=CARTESIAN_POINT('',(-124.084207598238,-0.0999999999999998,-8.56779643960545));
#5371=CARTESIAN_POINT('',(-124.584207598238,-0.0999999999999998,-8.56779643960545));
#5372=CARTESIAN_POINT('Origin',(-123.684207620589,-0.999999977648258,-8.56779643960545));
#5373=CARTESIAN_POINT('',(-123.684207620589,-1.,-8.56779643960545));
#5374=CARTESIAN_POINT('',(-123.684207620589,-0.999999977648258,-8.56779643960545));
#5375=CARTESIAN_POINT('',(-123.684207598238,-0.999999999999997,-8.56779643960545));
#5376=CARTESIAN_POINT('Origin',(-132.581612767807,-0.999999999999997,-8.56779643960545));
#5377=CARTESIAN_POINT('',(-129.499997094274,-1.,-8.56779643960545));
#5378=CARTESIAN_POINT('',(-129.499997071922,-0.999999999999997,-8.56779643960545));
#5379=CARTESIAN_POINT('',(-132.581612767807,-0.999999999999997,-8.56779643960545));
#5380=CARTESIAN_POINT('Origin',(-132.581612767807,-0.999999999999997,-8.56779643960545));
#5381=CARTESIAN_POINT('',(-132.581612767807,-0.999999999999997,-8.56779643960545));
#5382=CARTESIAN_POINT('Origin',(-132.581612767807,-0.999999999999997,-8.56779643960545));
#5383=CARTESIAN_POINT('',(-132.581612767807,-0.999999999999997,-8.56779643960545));
#5384=CARTESIAN_POINT('Origin',(-132.581612767807,-0.999999999999997,-8.56779643960545));
#5385=CARTESIAN_POINT('',(-132.581612767807,-0.999999999999997,-8.56779643960545));
#5386=CARTESIAN_POINT('Origin',(-132.581612767807,-0.999999999999997,-8.56779643960545));
#5387=CARTESIAN_POINT('',(-132.581612767807,-0.999999999999997,-8.56779643960545));
#5388=CARTESIAN_POINT('Origin',(-132.581612767807,-0.999999999999997,-8.56779643960545));
#5389=CARTESIAN_POINT('',(-132.581612767807,-0.999999999999997,-8.56779643960545));
#5390=CARTESIAN_POINT('Origin',(-132.581612767807,-0.999999999999997,-8.56779643960545));
#5391=CARTESIAN_POINT('',(-132.581612767807,-0.999999999999997,-8.56779643960545));
#5392=CARTESIAN_POINT('Origin',(-132.581612767807,-0.999999999999997,-8.56779643960545));
#5393=CARTESIAN_POINT('',(-132.581612767807,-0.999999999999997,-8.56779643960545));
#5394=CARTESIAN_POINT('Origin',(-132.581612767807,-0.999999999999997,-8.56779643960545));
#5395=CARTESIAN_POINT('',(-132.581612767807,-0.999999999999997,-8.56779643960545));
#5396=CARTESIAN_POINT('Origin',(-132.581612767807,-0.999999999999997,-8.56779643960545));
#5397=CARTESIAN_POINT('',(-132.581612767807,-0.999999999999997,-8.56779643960545));
#5398=CARTESIAN_POINT('Origin',(-132.581612767807,-0.999999999999997,-8.56779643960545));
#5399=CARTESIAN_POINT('',(-132.581612767807,-0.999999999999997,-8.56779643960545));
#5400=CARTESIAN_POINT('Origin',(-132.581612767807,-0.999999999999997,-8.56779643960545));
#5401=CARTESIAN_POINT('',(-132.581612767807,-0.999999999999997,-8.56779643960545));
#5402=CARTESIAN_POINT('Origin',(-132.581612767807,-0.999999999999997,-8.56779643960545));
#5403=CARTESIAN_POINT('',(-132.581612767807,-0.999999999999997,-8.56779643960545));
#5404=CARTESIAN_POINT('Origin',(-132.581612767807,-0.999999999999997,-8.56779643960545));
#5405=CARTESIAN_POINT('',(-132.581612767807,-0.999999999999997,-8.56779643960545));
#5406=CARTESIAN_POINT('Origin',(-132.581612767807,-0.999999999999997,-8.56779643960545));
#5407=CARTESIAN_POINT('',(-132.581612767807,-0.999999999999997,-8.56779643960545));
#5408=CARTESIAN_POINT('Origin',(-132.581612767807,-0.999999999999997,-8.56779643960545));
#5409=CARTESIAN_POINT('',(-132.581612767807,-0.999999999999997,-8.56779643960545));
#5410=CARTESIAN_POINT('Origin',(-132.581612767807,-0.999999999999997,-8.56779643960545));
#5411=CARTESIAN_POINT('',(-132.581612767807,-0.999999999999997,-8.56779643960545));
#5412=CARTESIAN_POINT('Origin',(-132.581612767807,-0.999999999999997,-8.56779643960545));
#5413=CARTESIAN_POINT('',(-132.581612767807,-0.999999999999997,-8.56779643960545));
#5414=CARTESIAN_POINT('Origin',(-132.581612767807,-0.999999999999997,-8.56779643960545));
#5415=CARTESIAN_POINT('',(-132.581612767807,-0.999999999999997,-8.56779643960545));
#5416=CARTESIAN_POINT('Origin',(-132.581612767807,-0.999999999999997,-8.56779643960545));
#5417=CARTESIAN_POINT('',(-2.58161276780724,-0.999999999999995,-8.56779643960545));
#5418=CARTESIAN_POINT('',(-132.581612767807,-0.999999999999997,-8.56779643960545));
#5419=CARTESIAN_POINT('',(-2.58161276780724,-0.999999999999995,-8.56779643960545));
#5420=CARTESIAN_POINT('Origin',(-130.399997071922,-0.100000000000004,-8.56779643960545));
#5421=CARTESIAN_POINT('',(-130.399997071922,-0.1,-8.56779643960545));
#5422=CARTESIAN_POINT('',(-129.499997094274,-0.999999977648258,-8.56779643960545));
#5423=CARTESIAN_POINT('',(-130.399997071922,-0.1,-8.56779643960545));
#5424=CARTESIAN_POINT('Origin',(-130.899997071922,-0.1,-8.56779643960545));
#5425=CARTESIAN_POINT('',(-130.899997071922,-0.1,-8.56779643960545));
#5426=CARTESIAN_POINT('',(-130.399997071922,-0.1,-8.56779643960545));
#5427=CARTESIAN_POINT('',(-130.899997071922,-0.1,-8.56779643960545));
#5428=CARTESIAN_POINT('Origin',(-129.999997094274,-0.999999977648258,-8.56779643960545));
#5429=CARTESIAN_POINT('',(-129.999997094274,-1.,-8.56779643960545));
#5430=CARTESIAN_POINT('',(-129.999997094274,-0.999999977648258,-8.56779643960545));
#5431=CARTESIAN_POINT('',(-129.999997071922,-0.999999999999997,-8.56779643960545));
#5432=CARTESIAN_POINT('Origin',(-132.581612767807,-0.999999999999997,-8.56779643960545));
#5433=CARTESIAN_POINT('',(-132.581612767807,-0.999999999999997,-8.56779643960545));
#5434=CARTESIAN_POINT('',(-132.581612767807,-0.999999999999997,-8.56779643960545));
#5435=CARTESIAN_POINT('Origin',(-67.5816127678073,-65.9999999999999,-8.56779643960545));
#5436=CARTESIAN_POINT('',(-67.5816127678073,-65.9999999999999,-8.56779643960545));
#5437=CARTESIAN_POINT('Origin',(-2.58161276780724,-0.999999999999995,-8.56779643960545));
#5438=CARTESIAN_POINT('',(-2.58161276780724,-0.999999999999995,-8.56779643960545));
#5439=CARTESIAN_POINT('Origin',(-67.5816127678072,-33.5,-8.56779643960545));
#5440=UNCERTAINTY_MEASURE_WITH_UNIT(LENGTH_MEASURE(0.01),#5444,
'DISTANCE_ACCURACY_VALUE',
'Maximum model space distance between geometric entities at asserted c
onnectivities');
#5441=UNCERTAINTY_MEASURE_WITH_UNIT(LENGTH_MEASURE(0.01),#5444,
'DISTANCE_ACCURACY_VALUE',
'Maximum model space distance between geometric entities at asserted c
onnectivities');
#5442=(
GEOMETRIC_REPRESENTATION_CONTEXT(3)
GLOBAL_UNCERTAINTY_ASSIGNED_CONTEXT((#5440))
GLOBAL_UNIT_ASSIGNED_CONTEXT((#5444,#5446,#5447))
REPRESENTATION_CONTEXT('','3D')
);
#5443=(
GEOMETRIC_REPRESENTATION_CONTEXT(3)
GLOBAL_UNCERTAINTY_ASSIGNED_CONTEXT((#5441))
GLOBAL_UNIT_ASSIGNED_CONTEXT((#5444,#5446,#5447))
REPRESENTATION_CONTEXT('','3D')
);
#5444=(
LENGTH_UNIT()
NAMED_UNIT(*)
SI_UNIT(.MILLI.,.METRE.)
);
#5445=(
LENGTH_UNIT()
NAMED_UNIT(*)
SI_UNIT($,.METRE.)
);
#5446=(
NAMED_UNIT(*)
PLANE_ANGLE_UNIT()
SI_UNIT($,.RADIAN.)
);
#5447=(
NAMED_UNIT(*)
SI_UNIT($,.STERADIAN.)
SOLID_ANGLE_UNIT()
);
#5448=SHAPE_DEFINITION_REPRESENTATION(#5449,#5450);
#5449=PRODUCT_DEFINITION_SHAPE('',$,#5452);
#5450=SHAPE_REPRESENTATION('',(#3302),#5442);
#5451=PRODUCT_DEFINITION_CONTEXT('part definition',#5456,'design');
#5452=PRODUCT_DEFINITION('2026-08-07-11-13-33-887','Bot_Case',#5453,#5451);
#5453=PRODUCT_DEFINITION_FORMATION('',$,#5458);
#5454=PRODUCT_RELATED_PRODUCT_CATEGORY('Bot_Case','Bot_Case',(#5458));
#5455=APPLICATION_PROTOCOL_DEFINITION('international standard',
'automotive_design',2009,#5456);
#5456=APPLICATION_CONTEXT(
'Core Data for Automotive Mechanical Design Process');
#5457=PRODUCT_CONTEXT('part definition',#5456,'mechanical');
#5458=PRODUCT('2026-08-07-11-13-33-887','Bot_Case',$,(#5457));
#5459=PRESENTATION_STYLE_ASSIGNMENT((#5460));
#5460=SURFACE_STYLE_USAGE(.BOTH.,#5461);
#5461=SURFACE_SIDE_STYLE('',(#5462));
#5462=SURFACE_STYLE_FILL_AREA(#5463);
#5463=FILL_AREA_STYLE('Steel - Satin',(#5464));
#5464=FILL_AREA_STYLE_COLOUR('Steel - Satin',#5465);
#5465=COLOUR_RGB('Steel - Satin',0.627450980392157,0.627450980392157,0.627450980392157);
ENDSEC;
END-ISO-10303-21;
